long,lat,num_registro,periodo,categoria,establecimiento,telefono,mail,calle,calle_nro,barrio,comuna,codigo_postal,codigo_postal_argentino
-58.430627,-34.572422,229,2019,1*,248 FINISTERRA,(54 11) 4773 0901/ 4776 8777,info@248finisterra.com,BAEZ ,248,Palermo,Comuna 14,1426,C1426BRF
-58.394791,-34.596496,129,2019,1*,ALFA,(54 11) 4812-2889 / 3719,reservas@alfahotel.com.ar,RIOBAMBA ,1064,Recoleta,Comuna 2,1116,C1116ABF
-58.385505,-34.609331,46,2019,1*,AVENIDA PETIT HOTEL,(54 11) 4381-2428 / 7831,avenidapetit@gmail.com,AV. DE MAYO ,1347,Monserrat,Comuna 1,1085,C1085ABD
-58.376078,-34.615128,67-A/11,2019,1*,AYRES PORTEÑOS TANGO SUITES,(54 11) 4300-7314,tangosuites@ayresportenos.com.ar,CHACABUCO ,615,Monserrat,Comuna 1,1069,C1069AAM
-58.374441,-34.617901,505,2019,1*,BOHEMIA BUENOS AIRES HOTEL,(54 11) 4115-2561/2566,info@bohemiabuenosaires.com.ar,PERU ,845,San Telmo,Comuna 1,1068,C1068AAG
-58.377122,-34.627141,5,2019,1*,BRISAS HOTEL,(54 11) 4300-5076 / 77,reservashotelbrisas@gmail.com,TACUARI ,1621,Constitucion,Comuna 1,1139,C1139AAI
-58.404604,-34.609091,128,2019,1*,CASTELLI 75,(54 11) 4952-9003 / 8584,,CASTELLI ,75,Balvanera,Comuna 3,1031,C1031AAA
-58.388981,-34.611914,35,2019,1*,CEVALLOS PALACE HOTEL,(54 11) 4372-7636,hotelcevallos@hotmail.com,VIRREY CEVALLOS ,261,Monserrat,Comuna 1,1077,C1077AAE
-58.408614,-34.613372,71,2019,1*,CONDOR HOTEL,(54 11) 4932-7626,hotelcondor@hotmail.com,LA RIOJA ,258,Balvanera,Comuna 3,1214,C1214ADF
-58.461529,-34.569843,141,2019,1*,DE LA RUE,(54 11) 4551-4884 / 4552-4048,info@hoteldelarue.com.ar,FREIRE ,1765,Belgrano,Comuna 13,1426,C1426AWI
-58.395648,-34.610601,70 A/12,2019,1*,DEL CONGRESO,(54 11) 4952 7728 / 4952 0385,,H. YRIGOYEN ,2064,Balvanera,Comuna 3,1089,C1089AAN
-58.378597,-34.608229,113,2019,1*,DU HELDER HOTEL,(54 11) 4345-3644/3650,hotelduhelder@hotmail.com,RIVADAVIA ,857,San Nicolas,Comuna 1,1002,C1002AAG
-58.377360,-34.602383,63,2019,1*,EL CABILDO,(54 11) 4322-6695 / 6745,reservas@hotelelcabildo.com,LAVALLE ,748,San Nicolas,Comuna 1,1047,C1047AAP
-58.394637,-34.597224,131,2019,1*,EL CASTILLO HOTEL,(54 11) 4813-2048,gerencia@hotel-elcastillo.com.ar,MARCELO T. DE ALVEAR ,1893,Recoleta,Comuna 2,1122,C1122AAA
-58.410138,-34.612572,135,2019,1*,FIORENTINO HOTEL,(54 11) 4932-9641 / 4931-1368,,URQUIZA ,187,Balvanera,Comuna 3,1215,C1215ADC
-58.376442,-34.601139,186,2019,1*,FROSSARD HOTEL,(54 11) 4322-1811,reservas@hotelfrossard.com.ar,TUCUMAN ,686,San Nicolas,Comuna 1,1049,C1049AAN
-58.393456,-34.605774,209,2019,1*,GRAN SARMIENTO,(54 11) 43748069,hotelgransarmiento@infovia.com.ar,SARMIENTO ,1892,Balvanera,Comuna 3,1044,C1044AAB
-58.407147,-34.612066,137,2019,1*,HISPANO ARGENTINO,(54 11) 4931 5543 / 4932-3980,contacto@hhispanoargentino.com.ar,CATAMARCA ,167,Balvanera,Comuna 3,1213,C1213ABC
-58.388590,-34.606613,55 A/11,2019,1*,HOTEL SIENA,(54 11) 4371 0720 / 7422 / 6346,info@sienahotel.com.ar,JUAN D. PERON ,1554,San Nicolas,Comuna 1,1037,C1037ACD
-58.440883,-34.573553,146,2019,1*,KEY'S HOTEL,(54 11) 4778-3233 / 4772 8371,reservas@hotelkeys.com.ar,ZAPATA ,315,Palermo,Comuna 14,1426,C1426AEE
-58.380303,-34.609055,64-A/11,2019,1*,LA FRESQUE,(54 11) 43313615,info@lafresquehotel.com,AV. DE MAYO ,984,Monserrat,Comuna 1,1084,C1084AAR
-58.409146,-34.611453,136,2019,1*,LLANO,(54 11) 4861-1672,,H. YRIGOYEN ,3023,Balvanera,Comuna 3,1207,C1207ABC
-58.383493,-34.607230,122,2019,1*,MAJESTIC HOTEL,(54 11) 4382-6441 / 1949,info@majestichotel.com.ar,LIBERTAD ,121,San Nicolas,Comuna 1,1012,C1012AAC
-58.389323,-34.604920,44,2019,1*,MILAN,(54 11) 4373-0759 / 4374-1906,info@milanhotel.com.ar,MONTEVIDEO ,337,San Nicolas,Comuna 1,1019,C1019ABG
-58.464122,-34.555699,153,2019,1*,MORDOMO,(54 11)4544-2711 / 4545-1263,hotelmordomo@yahoo.com.ar,CIUDAD DE LA PAZ ,2942,Nu\u00f1ez,Comuna 13,1429,C1429ACB
-58.409425,-34.595694,506,2019,1*,OMEGA,(54 11) 4962-5431,hotelomega@arnet.com.ar,PARAGUAY ,2991,Recoleta,Comuna 2,1425,C1425BRI
-58.390320,-34.613144,118,2019,1*,PALACE SOLIS,(54 11) 4371-7428 / 6266,info@hotelsolis.com.ar,SOLIS ,352,Monserrat,Comuna 1,1078,C1078AAH
-58.390645,-34.594987,61,2019,1*,PRINCE HOTEL,(54 11) 4811-8004,princehotel@fibertel.com.ar,ARENALES ,1627,Recoleta,Comuna 2,1061,C1061AAS
-58.404861,-34.612341,42,2019,1*,QUITO,(54 11) 4957-5056,NO TIENE,ALSINA ,2737,Balvanera,Comuna 3,1090,C1090AAS
-58.383916,-34.626907,97,2019,1*,RIO DE LA PLATA,(54 11) 4305-3191 / 4306-8689,NO TIENE,JUAN DE GARAY ,1271,Constitucion,Comuna 1,1153,C1153ABK
-58.376193,-34.608765,121,2019,1*,TURISTA HOTEL,(54 11) 4331-2281 / 2485,turistahotel@yahoo.com.ar,AV. DE MAYO ,686,Monserrat,Comuna 1,1084,C1084AAO
-58.389372,-34.606160,37 A/10,2019,2*,A & B INTERNACIONAL,(54 11) 4325-8960/4382-4118,recepcion@hotelayb.com,MONTEVIDEO ,242,San Nicolas,Comuna 1,1019,C1019ABF
-58.414803,-34.609428,234,2019,2*,AIRES EXPRESS,(54 11) 4867-1265 / 4860-0204,airesexpress@speedy.com.ar,B. MITRE ,3410,Almagro,Comuna 5,1201,C1201AAN
-58.390731,-34.605960,208,2019,2*,AMERICANO HOTEL,(54 11) 4382-4223,info@hotelamericano.com.ar,RODRIGUEZ PEÑA ,265,San Nicolas,Comuna 1,1020,C1020ADE
-58.379405,-34.608993,140,2019,2*,ASTORIA,(54 11) 4334-9061 / 5,info@hotel-astoria.com.ar,AV. DE MAYO ,916,Monserrat,Comuna 1,1084,C1084AAR
-58.394854,-34.592560,16,2019,2*,AYACUCHO PALACE HOTEL,(54 11) 4806-1815,reservas@ayacuchohotel.com.ar,AYACUCHO ,1408,Recoleta,Comuna 2,1111,C1111AAN
-58.394993,-34.608042,109,2019,2*,AYAMITRE HOTEL,(54 11) 4953-1655,reservas@hotelayamitre.com.ar,AYACUCHO ,106,Balvanera,Comuna 3,1025,C1025AAD
-58.435218,-34.584650,63-A/11,2019,2*,BE HOLLYWOOD,(54 11) 5555-8100,reservas@behollywood.com,HUMBOLDT ,1716,Palermo,Comuna 14,1414,C1414CTR
-58.397104,-34.600343,142,2019,2*,BLANRO,(54 11) 4374-2000,reservas@hotelblanro.com.ar,JUNIN ,759,Balvanera,Comuna 3,1026,C1026ABO
-58.424886,-34.604388,177,2019,2*,CAMARO PALACE HOTEL,(54 11) 4867-4798 / 0195,camaroph@ciudad.com.ar,SARMIENTO ,4239,Almagro,Comuna 5,1197,C1197AAK
-58.383981,-34.609148,56,2019,2*,CECIL HOTEL,(54 11) 4383-3511,cecilhotel@hotmail.com,AV. DE MAYO ,1239,Monserrat,Comuna 1,1085,C1085ABC
-58.374300,-34.595975,117,2019,2*,CENTRAL CORDOBA HOTEL,(54 11) 4311-1175 / 4312-8524,reservas@hotelcentralcordoba.com.ar,SAN MARTIN ,1021,Retiro,Comuna 1,1004,C1004AAU
-58.388218,-34.600615,115,2019,2*,COMFORT HOTEL,(54 11) 4814-4917,http://hotelcomfort.com.ar/castellano/,VIAMONTE ,1501,San Nicolas,Comuna 1,1055,C1055ABC
-58.374308,-34.597207,19,2019,2*,DIPLOMAT,(54 11) 4311-9370 / 4312-6124,diplomat@sinectis.com.ar,SAN MARTIN ,918,Retiro,Comuna 1,1004,C1004AAT
-58.392186,-34.607280,18,2019,2*,ESTILO MB (ex TURILUZ; ex EL MOLINO HOTEL),(54 11) 4374-9112,info@hotelestilomb.com.ar.,CALLAO ,164,Balvanera,Comuna 3,1022,C1022AAO
-58.410035,-34.612967,163,2019,2*,ESPERIA,(54 11) 4957-3937,consultas@hotelesperia.com.ar,URQUIZA ,222,Balvanera,Comuna 3,1215,C1215ADF
-58.426501,-34.584645,15 A/09,2019,2*,ESPLENDOR PALERMO SOHO,(54 11) 4899-4000 / 5217-5799,reservasweb@esplendorpalermosoho.com,GUATEMALA ,4931,Palermo,Comuna 14,1425,C1425BUQ
-58.404581,-34.609401,70,2019,2*,GRAN HOTEL ATLANTIC,(54 11) 4951-0081,info@hotelatlantic.com.ar,CASTELLI ,45,Balvanera,Comuna 3,1031,C1031AAA
-58.378641,-34.608859,62,2019,2*,GRAN HOTEL HISPANO,(54 11) 4345-2020,hhispano@hhispano.com.ar,AV. DE MAYO ,861,Monserrat,Comuna 1,1084,C1084AAD
-58.383567,-34.605734,237,2019,2*,GRAN HOTEL LIBERTAD,(54 11) 4381-2631/4382-7789,info@granhotellibertad.com.ar,LIBERTAD ,249,San Nicolas,Comuna 1,1012,C1012AAE
-58.385445,-34.609407,74,2019,2*,GRAN VEDRA,(54 11) 4383-0584,info@hotelvedra.com.ar,AV. DE MAYO ,1350,Monserrat,Comuna 1,1085,C1085ABQ
-58.389700,-34.590282,150,2019,2*,GUIDO PALACE HOTEL,(54 11) 4812-0674 / 0841,consulta@guidopalace.com.ar,GUIDO ,1780,Recoleta,Comuna 2,1016,C1016AAF
-58.375258,-34.608623,200,2019,2*,HOTEL AVENIDA,(54 11) 4342-5664,havenida@ciudad.com.ar havenidabuenosaires@gmail.com,AV. DE MAYO ,623,Monserrat,Comuna 1,1084,C1084AAB
-58.399302,-34.609649,209,2019,2*,HOTEL CARRARA,(54 11) 4952-1888,info@hotelcarrara.com.ar,RIVADAVIA ,2307,,,,
-58.390310,-34.611252,198,2019,2*,HOTEL CENTRAL,(54 11) 4373-8785,,SOLIS ,192,Monserrat,Comuna 1,1078,C1078AAD
-58.408933,-34.610099,203,2019,2*,HOTEL STAR,(54 11) 4866-0333,,ECUADOR ,12,Balvanera,Comuna 3,1214,C1214ABB
-58.380346,-34.614701,160,2019,2*,INTERNACIONAL,(54 11) 4334-4949,info@hotel-internacional.com.ar,B. DE IRIGOYEN ,552,Monserrat,Comuna 1,1072,C1072AAL
-58.375550,-34.603253,69,2019,2*,KING'S HOTEL,(54 11) 4322-8461 / 8161,reservas@kingshotel.com.ar,CORRIENTES ,623,San Nicolas,Comuna 1,1043,C1043AAG
-58.384617,-34.607539,100,2019,2*,LISBOA,(54 11) 4381-2152,info@hotel-lisboa.com.ar lisboahotelbaires@outlook.com,B. MITRE ,1282,San Nicolas,Comuna 1,1036,C1036AAX
-58.371487,-34.625345,171,2019,2*,LOS TRES REYES,(54 11) 4300-9456,hotel_tresreyes@yahoo.com,BRASIL ,423,San Telmo,Comuna 1,1154,C1154AAE
-58.382635,-34.609056,103,2019,2*,MADRID HOTEL,(54 11) 4381-9021,gerencia@hotelmadrid.com.ar,AV. DE MAYO ,1137,Monserrat,Comuna 1,1085,C1085ABB
-58.384301,-34.609170,60,2019,2*,MARBELLA HOTEL,(54 11) 4383-8566/3573,info@hotelmarbella.com.ar,AV. DE MAYO ,1261,Monserrat,Comuna 1,1085,C1085ABC
-58.395310,-34.608142,231,2019,2*,MARI PLAZA HOTEL,(54 11) 4952-8359 / 4953 7887,info@mariplazahotel.com.ar,B. MITRE ,2021,Balvanera,Comuna 3,1039,C1039AAE
-58.428818,-34.590992,05 A/09,2019,2*,MINE HOTEL BOUTIQUE,(54 11) 4832-1100,info@minehotel.com,GORRITI ,4770,Palermo,Comuna 14,1414,C1414BJL
-58.379400,-34.608832,27,2019,2*,NOVEL HOTEL,(54 11) 4345-3532,info@novelhotel.com.ar,AV. DE MAYO ,915,Monserrat,Comuna 1,1084,C1084AAE
-58.384820,-34.609284,34,2019,2*,NUEVO MUNDIAL HOTEL,(54 11) 4383-0011,reservas@mundialhotel.com.ar,AV. DE MAYO ,1298,Monserrat,Comuna 1,1085,C1085ABP
-58.423850,-34.578633,119,2019,2*,PACIFICO HOTEL,(54 11) 4771-4071,reservas@hotelpacifico.com.ar,FRAY JUSTO S. M. DE ORO ,2554,Palermo,Comuna 14,1425,C1425FOL
-58.424967,-34.578432,15,2019,2*,PALERMO HOTEL,(54 11) 4774-7342,info@hotel-palermo.com.ar,GODOY CRUZ ,2709,Palermo,Comuna 14,1425,C1425FQK
-58.424680,-34.577950,64,2019,2*,PANAME,(54 11) 4771-4041,info@panamehotel.com.ar,GODOY CRUZ ,2774,Palermo,Comuna 14,1425,C1425FQL
-58.369326,-34.601869,57,2019,2*,PLAZA ROMA,(54 11) 4311-1679,info@hotelplazaroma.com.ar reservas@hotelplazaroma.com.ar,LAVALLE ,110,San Nicolas,Comuna 1,1047,C1047AAD
-58.405567,-34.592095,127,2019,2*,PRINCIPE NORTE HOTEL,(54 11) 4821-9818,principe@hotel-principe.com.ar,LAPRIDA ,1454,Recoleta,Comuna 2,1425,C1425EKJ
-58.467562,-34.631653,59,2019,2*,REAL SPLENDID,(54 11) 4611-3279/4610,realsplendidhotel@ciudad.com.ar,RAMON L. FALCON ,2799,Flores,Comuna 7,1406,C1406GOC
-58.420048,-34.608324,75,2019,2*,RIO HOTEL,(54 11) 4983-8837,info@hotelrio.com.ar,J. SALGUERO ,218,Almagro,Comuna 5,1177,C1177AED
-58.396285,-34.608979,7,2019,2*,RODNEY HOTEL,(54 11) 4953-3232,administracion@hotelrodney.com.ar,JUNIN ,35,Balvanera,Comuna 3,1026,C1026ABA
-58.404592,-34.609255,24,2019,2*,TERMINE HOTEL,(54 11) 4951-0071,conserjeria@terminehotel.com.ar,CASTELLI ,61,Balvanera,Comuna 3,1031,C1031AAA
-58.372339,-34.597757,124,2019,2*,TRES SARGENTOS HOTEL,(54 11) 4312-6082,tresargentos@hotmail.com,TRES SARGENTOS ,345,Retiro,Comuna 1,1054,C1054ABA
-58.372245,-34.600854,32,2019,2*,TUCUMAN PALACE HOTEL,(54 11) 4311-3555,reservas@tucumanpalacehotel.com.ar,TUCUMAN ,384,San Nicolas,Comuna 1,1049,C1049AAH
-58.400862,-34.588381,14 A/09,2019,3*,EPICO HOTEL,(54 11) 5199-8399,info@epicorecoletahotel.com.ar,LAPRIDA ,1902,Recoleta,Comuna 2,1425,C1425EKT
-58.407931,-34.581659,55,2019,3*,ALPINO HOTEL,(54 11) 4802-5151,hotelalpino@fibertel.com.ar,CABELLO ,3316,Palermo,Comuna 14,1425,C1425APH
-58.391910,-34.604490,184,2019,3*,ATLAS TOWER,(54 11) 5217-9371,reservas@atlastower.com.ar,CORRIENTES ,1778,San Nicolas,Comuna 1,1042,C1042AAQ
-58.396664,-34.605168,23,2019,3*,BA CENTRAL,(54 11) 4953-4455 / 4071,recepcion@bacentralhotel.com.ar,JUNIN ,357,Balvanera,Comuna 3,1026,C1026ABG
-58.388018,-34.594704,182,2019,3*,BEL AIR BS AS HOTEL,(54 11) 4021-4000,reservas@hotelbelair.com.ar,ARENALES ,1462,Recoleta,Comuna 2,1061,C1061AAP
-58.388390,-34.604139,2,2019,3*,COLUMBIA PALACE HOTEL,(54 11) 4373-1906/1993/2029/2123 | 4372-5797/4325-7687,reservas@columbiapalacehotel.com.ar,CORRIENTES ,1533,San Nicolas,Comuna 1,1042,C1042AAB
-58.382231,-34.627676,106,2019,3*,CONSTITUCION PALACE HOTEL,(54 11) 4305-9010 al 20,info@cphotel.com.ar,LIMA ,1697,Constitucion,Comuna 1,1138,C1138ACI
-58.405863,-34.612473,126,2019,3*,ECUADOR HOTEL,(54 11) 4956-0532 / 33,,ALSINA ,2820,Balvanera,Comuna 3,1207,C1207AAB
-58.408814,-34.611320,130,2019,3*,ELEVEN PALACE HOTEL,(54 11) 4864-5097 al 99,info@hoteleleven.com.ar,LA RIOJA ,87,Balvanera,Comuna 3,1214,C1214ADA
-58.381496,-34.594413,14,2019,3*,EMBAJADOR,(54 11) 4326-5302 al 11,reservas@525hotel.com,C. PELLEGRINI ,1181,Retiro,Comuna 1,1009,C1009ABW
-58.378106,-34.602004,73,2019,3*,ESMERALDA PALACE HOTEL,(54 11) 5811 0317/22,reservasesmeralda@orho-hoteles.com.ar,ESMERALDA ,527,San Nicolas,Comuna 1,1007,C1007ABC
-58.388877,-34.585577,37,2019,3*,ESPLENDOR PLAZA FRANCIA,(54 11) 4804 9631,reservas@esplendorplazafrancia.com,PASAJE SCHIAFFINO ,2189,Recoleta,Comuna 2,1129,C1129ACC
-58.389308,-34.605256,61 A/11,2019,3*,EUROPLAZA HOTEL & SUITES,(54 11) 4371-8215/4272 o 50327679/7699,info@europlaza.com.ar,MONTEVIDEO ,327,San Nicolas,Comuna 1,1019,C1019ABG
-58.379275,-34.608059,161,2019,3*,GRAN HOTEL AILEN,(54 11) 4345-4980 / 4343-2037,reservas@granhotelailen.com.ar,SUIPACHA ,18,San Nicolas,Comuna 1,1008,C1008AAB
-58.380695,-34.607944,88,2019,3*,GRAN HOTEL ARGENTINO,(54 11) 4334-4001 / 02,info@hotel-argentino.com.ar,C. PELLEGRINI ,37,San Nicolas,Comuna 1,1009,C1009ABA
-58.382767,-34.608492,20,2019,3*,GRAN HOTEL DE LA PAIX,(54 11) 4381-8061 / 63,reservas@granhoteldelapaix.com.ar,RIVADAVIA ,1155,,,,
-58.373805,-34.597424,31,2019,3*,GRAN HOTEL ORLY,(54 11) 4312-5344 al 48,info@orly.com.ar,PARAGUAY ,474,Retiro,Comuna 1,1057,C1057AAD
-58.371301,-34.598750,194,2019,3*,HOLIDAY INN EXPRESS,(54 11) 4311-5200,reservas.arg@talbot.cl,LEANDRO N. ALEM ,770,San Nicolas,Comuna 1,1001,C1001AAP
-58.373899,-34.610246,239,2019,3*,HOTEL DE LAS LUCES,(54 11) 4343-6776,reservas@uthgradelasluces.com.ar,ALSINA ,527,Monserrat,Comuna 1,1087,C1087AAG
-58.385757,-34.604028,49 A/11,2019,3*,HOTEL IBIS BUENOS AIRES OBELISCO,(54 11) 4370-9300,h6502-dm1@accor.com,CORRIENTES ,1344,San Nicolas,Comuna 1,1043,C1043ABN
-58.412117,-34.604016,22,2019,3*,HOTEL N´ONTUÉ,(54 11) 4860 1600,info@nontuehotel.com.ar,CORRIENTES ,3321,Balvanera,Comuna 3,1193,C1193AAF
-58.395371,-34.592269,31 A/10,2019,3*,HOWARD JOHNSON H. BOUTIQUE RECOLETA,(54 11) 4800-1992,ventas@hjboutiquerecoleta.com.ar,PEÑA ,2047,Recoleta,Comuna 2,1126,C1126ABA
-58.388897,-34.610118,206,2019,3*,IBIS HOTEL,(54 11) 5300-5555,h3251@accor.com,H. YRIGOYEN ,1592,Monserrat,Comuna 1,1089,C1089AAD
-58.384381,-34.594209,9,2019,3*,IMPALA,(54 11) 5254-6835,reservas@525hotel.com,LIBERTAD ,1215,Retiro,Comuna 1,1012,C1012AAY
-58.381959,-34.609833,165,2019,3*,IMPERIAL PARK,(54 11) 4383-0555,info@imperialparkhotel.com,LIMA ,107,Monserrat,Comuna 1,1073,C1073AAC
-58.384396,-34.627766,190,2019,3*,IRUN,"(54 11) 4306-0018/ 4304-2746
  0-810-222-4441",info@hotelirun.com.ar,SANTIAGO DEL ESTERO ,1671,Constitucion,Comuna 1,1136,C1136ABI
-58.405842,-34.610396,133,2019,3*,LA PERLA HOTEL,(54 11) 5218-7737 al 40,,JUJUY ,36,Balvanera,Comuna 3,1083,C1083AAN
-58.375656,-34.603423,43,2019,3*,LIBERTY HOTEL,(54 11) 5279-0000,info@liberty-hotel.com.ar,CORRIENTES ,632,San Nicolas,Comuna 1,1043,C1043AAT
-58.407809,-34.610329,166,2019,3*,LUEY,(54 11) 4862-3873 4861-0403 4866-4427,luey@arnet.com.ar,RIVADAVIA ,2902,Balvanera,Comuna 3,1203,C1203AAO
-58.393590,-34.606347,13,2019,3*,LYON HOTEL,(54 11) 4372-0100/09,info@hotel-lyon.com.ar,RIOBAMBA ,251,Balvanera,Comuna 3,1025,C1025ABE
-58.371534,-34.611306,39 A/10,2019,3*,MORENO HOTEL BUENOS AIRES,(54 11) 6091-2000 4831 6831,reservas@morenobuenosaires.com,MORENO ,376,Monserrat,Comuna 1,1091,C1091AAH
-58.385748,-34.608777,85,2019,3*,NAPOLEON HOTEL,(54 11) 5353-2031/37,info@hotel-napoleon.com.ar,RIVADAVIA ,1364,,,,
-58.390852,-34.605356,1,2019,3*,NORMANDIE HOTEL,(54 11) 4371-7001 al 06,normandie@hotelnormandie.com.ar,RODRIGUEZ PEÑA ,320,San Nicolas,Comuna 1,1020,C1020ADH
-58.390590,-34.608328,92,2019,3*,PARLAMENTO HOTEL,(54 11) 4371-3789 - 4374-1410/1709,info@hotelparlamento.com.ar,RODRIGUEZ PEÑA ,61,San Nicolas,Comuna 1,1020,C1020ADA
-58.373673,-34.596232,28,2019,3*,PROMENADE HOTEL,(54 11) 4312-5681,info@hotelpromenade.com.ar,MARCELO T. DE ALVEAR ,444,Retiro,Comuna 1,1058,C1058AAD
-58.378306,-34.602341,58,2019,3*,REGIS HOTEL,0810 222 6746 / (5411) 4327 2605,REGISVENTAS@ORHO-HOTELES.COM.AR,LAVALLE ,813,San Nicolas,Comuna 1,1047,C1047AAQ
-58.389288,-34.608098,178,2019,3*,BABEL PLAZA (ex-RIVER HOTEL),(54 11) 4331-6300,reservas@babelhotels.com.ar,MONTEVIDEO ,84,San Nicolas,Comuna 1,1019,C1019ABB
-58.376780,-34.601458,111,2019,3*,ROCHESTER CONCEPT (ex HYDE PARK),(54 11) 4328-3930,info@rochester-hotel.com.ar,MAIPU ,572,San Nicolas,Comuna 1,1006,C1006ACF
-58.394441,-34.605772,79,2019,3*,SARMIENTO PALACE HOTEL,(54 11) 4953-3420 / 3404 / 5014,info@hotelsarmiento.com.ar,SARMIENTO ,1953,Balvanera,Comuna 3,1044,C1044AAC
-58.462826,-34.554164,183,2019,3*,SARUM,(54 11) 4704-0039/0040,info@hotelsarum.com.ar,QUESADA ,2370,Nu\u00f1ez,Comuna 13,1429,C1429COJ
-58.383395,-34.589394,53 A/11,2019,3*,SERENA HOTEL BUENOS AIRES,4813-3226,reservas@serenahoteles.com,LIBERTAD ,1617,Retiro,Comuna 1,1016,C1016ABG
-58.379839,-34.608362,170,2019,3*,SPLENDID HOTEL,(54 11) 4345-2800,ventas@hotel-splendid.com.ar,RIVADAVIA ,950,Monserrat,Comuna 1,1002,C1002AAU
-58.453732,-34.587271,51,2019,3*,TORRE HOTEL,(54 11) 4552-6034/6126,info@torre-hotel.com.ar,OLLEROS ,4186,Chacarita,Comuna 15,1427,C1427EEN
-58.380573,-34.600173,04 A/09,2019,3*,VIASUI,(54 11) 5252- 3070 al 73,reservas@viasuihotel.com.ar,VIAMONTE ,960,San Nicolas,Comuna 1,1053,C1053ABT
-58.376930,-34.597884,102,2019,3*,VICTORY HOTEL,(54 11) 4314-8415 / 5440,info@victoryhotel.com.ar,MAIPU ,880,Retiro,Comuna 1,1006,C1006ACL
-58.373624,-34.597412,101,2019,3*,WALDORF,(54 11) 4312.2071/9,info@waldorf-hotel.com.ar reservas@waldorf-hotel.com.ar,PARAGUAY ,450,Retiro,Comuna 1,1057,C1057AAD
-58.372616,-34.599869,176,2019,4*,AMERIAN BUENOS AIRES PARK HOTEL,5171-6500,info@amerian.com,RECONQUISTA ,699,San Nicolas,Comuna 1,1003,C1003ABM
-58.384305,-34.596077,508,2019,4*,CYAN AMERICAS TOWER,(54 11) 5236-9095,web@grupoamericas.com.ar,LIBERTAD ,1070,Retiro,Comuna 1,1012,C1012AAV
-58.379546,-34.592912,199,2019,4*,ARGENTA TOWER,(54 11) 4325-4100,info@argenta-tower.com.ar,JUNCAL ,868,Retiro,Comuna 1,1062,C1062ABF
-58.379170,-34.597665,158,2019,4*,ASPEN TOWERS,(54 11) 52191600,sales@aspenhotels.com.ar reservations@aspentowers.com.ar,PARAGUAY ,857,Retiro,Comuna 1,1057,C1057AAK
-58.384222,-34.598060,116,2019,4*,BISONTE LIBERTAD,(54)(11) 3723-2520,reservas@bisontelibertad.com,PARAGUAY ,1207,Retiro,Comuna 1,1057,C1057AAS
-58.380022,-34.596559,138,2019,4*,BISONTE PALACE HOTEL,(54 11) 4390-7830,reservas@bisontepalace.com,MARCELO T. DE ALVEAR ,902,Retiro,Comuna 1,1058,C1058AAN
-58.382181,-34.605175,17,2019,4*,BRISTOL HOTEL,(54 11) 5252-6400 4382-5400 / 09,reservas@hotelbristol.com.ar,CERRITO ,286,San Nicolas,Comuna 1,1010,C1010AAF
-58.421557,-34.596920,76-A/13,2019,4*,BYS PALERMO,(54 11) 4862 2956,reservas@hotelbys.com.ar,ACUÑA DE FIGUEROA ,1263,Palermo,Comuna 14,1180,C1180AAW
-58.382202,-34.604724,23 A/10,2019,4*,CAESAR PARK SILVER OBELISCO,(54 11) 4106-4444,reservas@parksilverobelisco.com,CERRITO ,328,San Nicolas,Comuna 1,1010,C1010AAH
-58.384449,-34.594727,26,2019,4*,CARLTON,(54 11) 4812 0081,hotelcarlton@solans.com,LIBERTAD ,1180,Retiro,Comuna 1,1012,C1012AAX
-58.376082,-34.599911,96,2019,4*,CARSSON,(54 11) 4131 3800,info@hotelcarsson.com.ar,VIAMONTE ,650,San Nicolas,Comuna 1,1053,C1053ABN
-58.382739,-34.609219,90,2019,4*,CASTELAR,(54 11) 4383 5000 al 5009,info@castelarhotel.com.ar,AV. DE MAYO ,1152,Monserrat,Comuna 1,1085,C1085ABO
-58.379282,-34.607927,155,2019,4*,CENTURIA,(54 11) 4342 5575,recepcion@hotelcenturia.com recepcion@hotelcenturia.com,SUIPACHA ,30,San Nicolas,Comuna 1,1008,C1008AAB
-58.380743,-34.607069,152,2019,4*,CONTE HOTEL,(54 11) 4000-9350,reservas@conte-hotel.com,C. PELLEGRINI ,101,San Nicolas,Comuna 1,1009,C1009ABC
-58.385646,-34.617752,159,2019,4*,CUATRO REYES,(54 11) 4384 8000,reservas@hotelcuatroreyes.com,INDEPENDENCIA ,1391,,,,
-58.374315,-34.597092,235,2019,4*,DAZZLER TOWER,(54 11) 5256-7700,reservasweb@dazzlersanmartin.com,SAN MARTIN ,920,Retiro,Comuna 1,1004,C1004AAT
-58.377683,-34.611773,47 A/11,2019,4*,DAZZLER TOWER SAN TELMO,(54 11) 5277-6050 / 52175799,reservasweb@dazzlersantelmo.com,PIEDRAS ,303,Monserrat,Comuna 1,1070,C1070AAG
-58.384255,-34.596589,82,2019,4*,CYAN HOTEL DE LAS AMERICAS,(54 11) 5236-9095 / 5236-5300,info@hotelescyan.com,LIBERTAD ,1020,Retiro,Comuna 1,1012,C1012AAV
-58.379919,-34.595610,157,2019,4*,DOLMEN,(54 11) 4311-9000 / 4315-7117,reservas@hoteldolmen.com.ar,SUIPACHA ,1069,Retiro,Comuna 1,1008,C1008AAU
-58.387446,-34.607713,10 A/09,2019,4*,DUOMI PLAZA HOTEL,(54 11) 6091-3888/3866,reservas@duomi.com.ar,B. MITRE ,1480,San Nicolas,Comuna 1,1037,C1037ABB
-58.379922,-34.597072,8,2019,4*,EL CONQUISTADOR,(5411) 4328.3012,reservas@elconquistador.com.ar,SUIPACHA ,948,Retiro,Comuna 1,1008,C1008AAT
-58.374216,-34.598816,232,2019,4*,ESPLENDOR,(54 11) 5256-8800 / 5217 5799,RESERVAS@ESPLENDORBUENOSAIRES.COM,SAN MARTIN ,780,San Nicolas,Comuna 1,1004,C1004AAP
-58.381927,-34.610547,03 A/09,2019,4*,EUROBUILDING HOTEL,(54 11) 5352-1111 / 5325-1104,buenosaires@hoteleuro.com,LIMA ,175,Monserrat,Comuna 1,1073,C1073AAC
-58.372593,-34.600328,89,2019,4*,FACON GRANDE,(5411) 4312-6360/69,reservas@hotelfacongrande.com,RECONQUISTA ,645,San Nicolas,Comuna 1,1003,C1003ABM
-58.378003,-34.596302,68,2019,4*,GRAN HOTEL BUENOS AIRES,(54-11) 4312-3003,reservas@granhotelbue.com.ar,MARCELO T. DE ALVEAR ,769,Retiro,Comuna 1,1058,C1058AAI
-58.376903,-34.596835,81,2019,4*,GRAN HOTEL DORA,(54 11) 4312 7391,reservas@dorahotel.com.ar,MAIPU ,959,Retiro,Comuna 1,1006,C1006ACM
-58.374746,-34.602211,3,2019,4*,GRAND KING HOTEL,(54 11) 4393.4012,reservas@grandking.com.ar,LAVALLE ,560,San Nicolas,Comuna 1,1047,C1047AAL
-58.380999,-34.602358,112,2019,4*,EXE HOTEL COLON,(54 11) 4320-3500,reservas@execolon.com.ar,C. PELLEGRINI ,507,San Nicolas,Comuna 1,1009,C1009ABK
-58.362339,-34.617482,204,2019,4*,HOTEL MADERO BUENOS AIRES,(54 11) 5776-7777,info@hotelmadero.com,ROSARIO VERA PEÑALOZA ,360,Puerto Madero,Comuna 1,1107,C1107CGH
-58.380408,-34.613525,180,2019,4*,HOWARD JOHNSON 9 DE JULIO,(54 11) 5222-9000,reservas@hj9dejulio.com.ar,B. DE IRIGOYEN ,432,Monserrat,Comuna 1,1072,C1072AAJ
-58.378943,-34.601221,187,2019,4*,DA VINCI HOTEL (ex HOWARD JOHNSON DA VINCI),(54 11) 5031-8002,,TUCUMAN ,857,San Nicolas,Comuna 1,1049,C1049AAQ
-58.375503,-34.596933,188,2019,4*,HOWARD JOHNSON PLAZA FLORIDA STREET,(54 11) 4891-9200,reservas@hjflorida.com.ar,FLORIDA ,944,Retiro,Comuna 1,1005,C1005AAT
-58.389410,-34.589394,60 A/11,2019,4*,INTERSUR RECOLETA,55334000,reservas@intersurrecoleta.com.ar /,CALLAO ,1764,Recoleta,Comuna 2,1024,C1024AAQ
-58.386648,-34.597068,02 A/09,2019,4*,KER RECOLETA [Ex BLUE TREE RECOLETA KER (ex H.J.RECOLETA)],(54 11) 5277-4600,reservasrecoleta@kerhoteles.com.ar,MARCELO T. DE ALVEAR ,1368,Retiro,Comuna 1,1058,C1058AAV
-58.372596,-34.601510,93,2019,4*,LAFAYETTE,(54 11) 4393-9081,info@lafayettehotel.com.ar,RECONQUISTA ,546,San Nicolas,Comuna 1,1003,C1003ABL
-58.384935,-34.608058,69-A/12,2019,4*,LENNOX,(54 11) 5272-1070,reservas@lennoxhotels.com,TALCAHUANO ,52,San Nicolas,Comuna 1,1013,C1013AAB
-58.387693,-34.587134,238,2019,4*,MELIA RECOLETA PLAZA BOUTIQUE HOTEL,(54 11) 5353 4000,reservas@meliarecoletaplaza.com.ar,POSADAS ,1557,Recoleta,Comuna 2,1112,C1112ADA
-58.382109,-34.606611,68-A/11,2019,4*,NH 9 DE JULIO,(54 11) 5776 6464 / 4124-7400,nh9dejulio@nh-hotels.com,CERRITO ,156,San Nicolas,Comuna 1,1010,C1010AAD
-58.378283,-34.595161,12,2019,4*,NH CRILLON,(54 11) 5776 6464 / 43102000,nhcrillon@nh-hotels.com,SANTA FE ,796,Retiro,Comuna 1,1059,C1059ABO
-58.374191,-34.598090,185,2019,4*,NH FLORIDA,(54 11) 5776 6464 / 43219850,nhflorida@nh-hotels.com,SAN MARTIN ,839,Retiro,Comuna 1,1004,C1004AAQ
-58.370892,-34.603125,196,2019,4*,NH JOUSTEN,(54 11) 5776 6464 / 43216750,nhcollectionjousten@nh-hotels.com,CORRIENTES ,280,San Nicolas,Comuna 1,1043,C1043AAP
-58.372952,-34.598443,20 A/10,2019,4*,NH LANCASTER,(54 11) 4131 6464,nhcollectionlancaster@nh-hotels.com,CORDOBA ,405,Retiro,Comuna 1,1054,C1054AAD
-58.379367,-34.604655,179,2019,4*,NH LATINO,(54 11) 5776 6464 / 4321 6700,nhlatino@nh-hotels.com,SUIPACHA ,309,San Nicolas,Comuna 1,1008,C1008AAG
-58.382374,-34.601918,44 A/10,2019,4*,NH TANGO,(54 11) 5776 6464 / 5411 4124,nhtango@nh-hotels.com,CERRITO ,550,San Nicolas,Comuna 1,1010,C1010AAL
-58.374246,-34.609901,6,2019,4*,562 NOGARO (ex NOGARO),(54 11) 4331-0091,reservas@562nogarohotel.com,JULIO A. ROCA ,562,Monserrat,Comuna 1,1067,C1067ABN
-58.385757,-34.604028,48 A/11,2019,4*,NOVOTEL,(54 11) 4370-9300 / 9500,h6503-re@accor.com,CORRIENTES ,1334,San Nicolas,Comuna 1,1043,C1043ABN
-58.383226,-34.602996,164,2019,4*,UNIQUE EXECUTIVE CENTRAL (ex KEMPINSKI CENTRAL PARK PLAZA),(54 11) 6777-0300,reservas.bsas@hotels-unique.com,AV. ROQUE SAENZ PEÑA ,1174,San Nicolas,Comuna 1,1035,C1035AAT
-58.385916,-34.593817,501,2019,4*,UNIQUE EXECUTIVE CHATEAU (ex KEMPINSKI HOTEL PARK CHATEAU),(54 11) 6777-0400 Fax: 6777-0430,reservas.bsas@hotels-unique.com,TALCAHUANO ,1253,Retiro,Comuna 1,1014,C1014ADA
-58.399549,-34.588831,502,2019,4*,PARK ELEGANCE UNIQUE (ex KEMPINSKI HOTEL PARK ELEGANCE),6777-0500 Fax: 6777-0500,elegance@parkplazahotels.com,PUEYRREDON ,1940,,,,
-58.385142,-34.590713,230,2019,4*,UNIQUE LUXURY PARK PLAZA (ex KEMPINSKI HOTEL PARK PLAZA ),(54 11) 6777-0200 Fax: 6777-0230,reservas.bsas@hotels-unique.com,PARERA ,183,Retiro,Comuna 1,1014,C1014ABC
-58.381259,-34.598247,201,2019,4*,PESTANA HOTEL,(54 11) 5239-1000 / 1100,reservas.buenosaires@pestana.com,C. PELLEGRINI ,877,Retiro,Comuna 1,1009,C1009ABQ
-58.378266,-34.599849,125,2019,4*,POSTA CARRETAS,(54 11) 4322-8567,reservas@postacarretas.com.ar,ESMERALDA ,726,San Nicolas,Comuna 1,1007,C1007ABH
-58.382632,-34.598546,4,2019,4*,PRESIDENTE HOTEL,(54 11) 4816 2222,reservas@hotelpresidente.com.ar,CERRITO ,846,Retiro,Comuna 1,1010,C1010AAR
-58.373835,-34.597365,29,2019,4*,PRINCIPADO,(54 11) 4313 3022,reservas@principado.com.ar,PARAGUAY ,481,Retiro,Comuna 1,1057,C1057AAC
-58.378168,-34.600290,205,2019,4*,RECONQUISTA GARDEN,(54 11) 5263 0277,reconquistagarden@latitudhoteles.com,ESMERALDA ,675,San Nicolas,Comuna 1,1007,C1007ABE
-58.379243,-34.604982,25 A/10,2019,4*,HR LUXOR (ex RECONQUISTA LUXOR),(54 11) 4328 9400,reservas@hrluxor.com,AV. ROQUE SÁENZ PEÑA ,890,San Nicolas,Comuna 1,1035,C1035AAQ
-58.372644,-34.600741,172,2019,4*,RECONQUISTA PLAZA HOTEL,(54 11) 5263-0277,reconquistaplaza@latitudhoteles.com,RECONQUISTA ,602,San Nicolas,Comuna 1,1003,C1003ABN
-58.379930,-34.596933,120,2019,4*,REGENTE PALACE HOTEL,(54 11) 4328 6800,reservas@regente.com,SUIPACHA ,964,Retiro,Comuna 1,1008,C1008AAT
-58.382230,-34.604259,86,2019,4*,HOTEL GLOBALES REPUBLICA WELLNESS & SPA,(54 11) 4382 5050,res.republica@hotelesglobales.com,CERRITO ,370,San Nicolas,Comuna 1,1010,C1010AAH
-58.378188,-34.601832,107,2019,4*,ROCHESTER CLASSIC,0800-345-0040 (54 11) 4326 6076 / 5256 1055,reservas@rochesterclassic.com.ar,ESMERALDA ,542,San Nicolas,Comuna 1,1007,C1007ABD
-58.382141,-34.605990,36,2019,4*,SALLES HOTEL,(54 11) 4382 0090,info@hotelsalles.com.ar reservas@hotelsalles.com.ar,CERRITO ,208,San Nicolas,Comuna 1,1010,C1010AAF
-58.392003,-34.607022,21,2019,4*,SAVOY HOTEL,(54 11) 4370 8000 / 10,reservas@savoyhotel.com.ar,CALLAO ,181,San Nicolas,Comuna 1,1022,C1022AAB
-58.377616,-34.596346,11,2019,4*,SHELTOWN HOTEL,(54 11) 5254 6835,reservas@525hotel.com,MARCELO T. DE ALVEAR ,742,Retiro,Comuna 1,1058,C1058AAJ
-58.376744,-34.600478,145,2019,4*,TRITONE HOTEL,(54 11) 4325 8960/8955,reservas@tritonehotel.com.ar recepcion@tritonehotel.com.ar,MAIPU ,651,San Nicolas,Comuna 1,1006,C1006ACG
-58.373930,-34.602519,233,2019,4*,TRYP BUENOS AIRES,(54 11) 5222 9600,tryp.buenos.aires@solmelia.com,SAN MARTIN ,474,San Nicolas,Comuna 1,1004,C1004AAJ
-58.393347,-34.595214,99,2019,4*,WILTON HOTEL,(54 11) 4811 1818 / 1993,info@hotelwilton.com.ar reservas@hotelwilton.com.ar,CALLAO ,1162,Recoleta,Comuna 2,1023,C1023AAR
-58.377135,-34.605980,35 A/10,2019,5*,725 CONTINENTAL HOTEL,(54 11) 4131 8000,reservas@725continental.com,AV. ROQUE SÁENZ PEÑA ,725,San Nicolas,Comuna 1,1035,C1035AAC
-58.410104,-34.604121,195,2019,5*,ABASTO HOTEL BUENOS AIRES,(54 11) 6311 4433/4466/4465,reservas@abastohotel.com,CORRIENTES ,3190,Balvanera,Comuna 3,1193,C1193AAQ
-58.388996,-34.587677,151,2019,5*,ALVEAR PALACE HOTEL,(54 11) 4808 2100,reservas@alvear.com.ar info@alvearpalace.com,AV. ALVEAR ,1891,Recoleta,Comuna 2,1129,C1129AAA
-58.374517,-34.600965,94,2019,5*,CLARIDGE HOTEL,(54 11) 4319 8000,reservas@claridge.com.ar recepcion@claridge.com.ar,TUCUMAN ,535,San Nicolas,Comuna 1,1049,C1049AAK
-58.379938,-34.589997,197,2019,5*,EMPERADOR BUENOS AIRES,(54 11) 4131 4000/3000,reservas@hotel-emperador.com.ar info@hotel-emperador.com.ar,AV. DEL LIBERTADOR ,420,Retiro,Comuna 1,1001,C1001ABR
-58.378304,-34.591760,167,2019,5*,FEIR'S PARK HOTEL,(54 11) 4131 1900,feirspark@feirspark.com.ar,ESMERALDA ,1366,Retiro,Comuna 1,1007,C1007ABT
-58.382258,-34.590154,148,2019,5*,FOUR SEASONS HOTEL BUENOS AIRES,(54 11) 4321 1200,reservations.bue@fourseasons.com,POSADAS ,1086,Retiro,Comuna 1,1011,C1011ABB
-58.363551,-34.605184,181,2019,5*,HILTON,(54 11) 4891 0000,reservations.buenosaires@hilton.com,MACACHA GUEMES ,351,Puerto Madero,Comuna 1,1106,C1106BKG
-58.373435,-34.609793,91,2019,5*,HOTEL NH CITY,(54 11) 4121 6464 / 6400,nhcity@nh-hotels.com,BOLIVAR ,160,Monserrat,Comuna 1,1066,C1066AAD
-58.377866,-34.611635,156,2019,5*,INTERCONTINENTAL BUENOS AIRES,(54 11) 4340 7100,,MORENO ,809,Monserrat,Comuna 1,1091,C1091AAQ
-58.392547,-34.589524,189,2019,5*,LOI SUITES RECOLETA HOTEL,(54 11) 5777 8950,recoleta@loisuites.com.ar,VICENTE LOPEZ ,1955,Recoleta,Comuna 2,1128,
-58.372955,-34.597050,173,2019,5*,MELIA BUENOS AIRES,(54 11) 4891 3800,reservas@meliabuenosaires.com.ar,RECONQUISTA ,945,Retiro,Comuna 1,1003,C1003ABS
-58.386430,-34.589406,210,2019,5*,PALACIO DUHAU - PARK HYATT BUENOS AIRES,(54 11) 5171 1234,buenosaires.park@hyatt.com,AV. ALVEAR ,1661,Recoleta,Comuna 2,1014,C1014AAD
-58.381018,-34.602040,110,2019,5*,PANAMERICANO HOTEL & RESORT BS.AS.,(54 11) 4348-5000/ fax. 4348-5250/51,reservas@panamericano.us,C. PELLEGRINI ,551,San Nicolas,Comuna 1,1009,C1009ABK
-58.375112,-34.595775,105,2019,5*,PLAZA HOTEL BUENOS AIRES,(54 11) 4318-3000,,FLORIDA ,1005,Retiro,Comuna 1,1005,C1005AAU
-58.370811,-34.607058,207,2019,5*,REGAL PACIFIC,(54 11) 4310 7000,reservas@regalpacific.com.ar,25 DE MAYO ,25,San Nicolas,Comuna 1,1002,C1002ABA
-58.373193,-34.592965,98,2019,5*,SHERATON HOTEL CONVENTION CENTER,(54 11) 4318 9000,reservas.bue@sheraton.com,SAN MARTIN ,1225,Retiro,Comuna 1,1104,C1104AKC
-58.376544,-34.598870,87,2019,5*,SHERATON LIBERTADOR BUENOS AIRES,(54 11) 4321 0000,sheraton@libertador-hotel.com.ar,CORDOBA ,660,San Nicolas,Comuna 1,1054,C1054AAS
-58.384073,-34.589365,149,2019,5*,THE BRICK HOTEL - GALLERY (Ex Caesar),(54 11) 4819 1100,h8932-re@accor.com,POSADAS ,1232,Retiro,Comuna 1,1011,C1011ABF
-58.407146,-34.596349,5024,2019,APART,ANCHORENA APART HOTEL,(54 11) 4961-8548 / 9445,info@anchorenaappart.com.ar,ANCHORENA ,1121,Recoleta,Comuna 2,1425,C1425ELA
-58.455561,-34.563540,5020,2019,APART,APART HOTEL CABILDO SUITES (ex CABILDO SUITES CLUB & SPA),(54 11) 4780 1900,cabildostventas@orho-hoteles.com.ar,CABILDO ,1950,Belgrano,Comuna 13,1428,C1428AAO
-58.387457,-34.612171,5014,2019,APART,APART TRES REYES,(54 11) 4383-1238,info@aparthoteltresreyes.com,LUIS SAENZ PEÑA ,294,Monserrat,Comuna 1,1110,C1110AAF
-58.383174,-34.603712,5023,2019,APART,BROADWAY HOTEL & SUITES,(54 11) 4378-9250,ventas@broadway-suites.com.ar,CORRIENTES ,1173,San Nicolas,Comuna 1,1043,C1043AAL
-58.371420,-34.600724,5007,2019,APART,CATALINAS SUITES,(54 11) 4314 1400,reservas@suitescatalinas.com.ar,TUCUMAN ,313,San Nicolas,Comuna 1,1049,C1049AAG
-58.391351,-34.597171,5022,2019,APART,DESIGNS SUITES,(54 11) 4814 8700,reservas.bue@gruposolanas.com,MARCELO T. DE ALVEAR ,1683,Recoleta,Comuna 2,1060,C1060AAE
-58.384976,-34.607251,5027,2019,APART,FIAMINGO APART HOTEL,(54 11) 4374 4400,reservas@fiamingoapart.com.ar,TALCAHUANO ,120,San Nicolas,Comuna 1,1013,C1013AAD
-58.478513,-34.573539,5011,2019,APART,GEORGE GRUKI,(54 11) 4544-8854 / 8904 /6055 / 6105,mendoza4569@hotmail.com,MENDOZA ,4569,Villa Urquiza,Comuna 12,1431,C1431CIA
-58.379346,-34.594066,5029,2019,APART,LOI SUITES ARENALES,(54 11) 4324 9400,arenales@loisuites.com.ar,ARENALES ,855,Retiro,Comuna 1,1061,C1061AAC
-58.379111,-34.596470,5028,2019,APART,LOI SUITES ESMERALDA,(54 11) 4131 6800,esmeralda@loisuites.com.ar,MARCELO T. DE ALVEAR ,842,Retiro,Comuna 1,1058,C1058AAL
-58.380085,-34.591916,5008,2019,APART,OWN RECOLETA,(54 11) 4325 8200,reservations@ownrecoleta.com,SUIPACHA ,1359,Retiro,Comuna 1,1011,C1011ACC
-58.380003,-34.595453,5009,2019,APART,PARK ROYAL BUENOS AIRES,(54 11) 4320 3600,reservationsbue@park-royalhotels.com,SUIPACHA ,1092,Retiro,Comuna 1,1008,C1008AAV
-58.376157,-34.604657,5021,2019,APART,SARMIENTO SUITES,(54 11) 4393 8997/8960/9035,reservas@sarmientosuites.com.ar,SARMIENTO ,670,San Nicolas,Comuna 1,1041,C1041AAN
-58.421877,-34.576679,5018,2019,APART,TORRE CRISTOFORO COLOMBO SUITES,(54 11) 4778 4945,reservas@hotelcc.com.ar,FRAY JUSTO S. M. DE ORO ,2747,Palermo,Comuna 14,1425,C1425FOO
-58.388379,-34.588707,5010,2019,APART,TRIANON RESIDENCE,(54 11) 4819 9300,info@trianon.com.ar,CALLAO ,1869,Recoleta,Comuna 2,1024,C1024AAE
-58.386298,-34.600510,5019,2019,APART,VIAMONTE BUENOS AIRES APART,(54 11) 4371 9993 / 5254 2210,info@hotelviamonte.com.ar,VIAMONTE ,1373,San Nicolas,Comuna 1,1053,C1053ACA
-58.379392,-34.605486,5009,2019,APART,VILLAGE GARDEN APART HOTEL (ex APART GARTEN VILLAGE),(54 11) 4326-0163 / 7879 / 8737,,SUIPACHA ,250,San Nicolas,Comuna 1,1008,C1008AAF
-58.388063,-34.610090,5030,2019,APART 1*,BENCO APART HOTEL,(54 11) 4373-7207/08,bencoaparthotel@yahoo.com.ar,H. YRIGOYEN ,1534,Monserrat,Comuna 1,1089,C1089AAD
-58.422490,-34.577173,5036,2019,APART 1*,ORO APPART,(54 11) 4773 6980,reservas@oroaparthotel.com.ar,FRAY JUSTO S. M. DE ORO ,2706,Palermo,Comuna 14,1425,C1425FOP
-58.391374,-34.607980,5040,2019,APART 2*,AMERICA PLAZA HOTEL,(54 11) 5031 3388,info@americaplazahotel.com.ar,B. MITRE ,1744,San Nicolas,Comuna 1,1037,C1037ABH
-58.379534,-34.601898,5033,2019,APART 2*,ARGENTINA TANGO HOTEL,(54 11) 4322 3434,reservas@atangohotel.com,SUIPACHA ,545,San Nicolas,Comuna 1,1008,C1008AAK
-58.379120,-34.599026,5001,2019,APART 2*,CORDOBA 860 (ex EMBASSY ALL SUITES),(54 11) 5254 5200,info@cordoba860.com,CORDOBA ,860,San Nicolas,Comuna 1,1054,C1054AAU
-58.450084,-34.570201,18 A/09,2019,APART 2*,ESPACIA SUITES,(54 11) 4786 8687 / 3535 0273,info@espaciasuites.com,AMENABAR ,1135,Colegiales,Comuna 13,1426,C1426AJS
-58.389279,-34.606314,51 A/11,2019,APART 2*,ICARO SUITES,(54 11) 4372 9000,resevas@icarosuites.com,MONTEVIDEO ,229,San Nicolas,Comuna 1,1019,C1019ABE
-58.394949,-34.604567,59 A/11,2019,APART 2*,INTERSUR SUITES,(54 11) 5246 1500,reservas@intersursuites.com.ar,CORRIENTES ,1984,Balvanera,Comuna 3,1045,C1045AAO
-58.460715,-34.555545,07 A/09,2019,APART 2*,KER BELGRANO,(54 11) 5277 4600 / 4789 9383,reservasbelgrano@kerhoteles.com.ar,VUELTA DE OBLIGADO ,2727,Belgrano,Comuna 13,1428,C1428ADS
-58.486203,-34.572802,74-A/12,2019,APART 2*,KER URQUIZA HOTEL & SUITES,(54 11) 5353-9232 / 5353-9233,reservasurquiza@kerhoteles.com.ar,DIAZ COLODRERO ,2513,Villa Urquiza,Comuna 12,1431,C1431FMC
-58.388163,-34.600326,32 A/10,2019,APART 2*,MAYFLOWER,(54 11) 5238 0050 / 5235 0456,reservas@mayflowersuites.com.ar,PARANA ,720,San Nicolas,Comuna 1,1017,C1017AAP
-58.423894,-34.578843,52 A/11,2019,APART 2*,PALERMO SUITES BUENOS AIRES APARTMENTS,(54 11) 5197 5800,reservas@palermosuites.net,FRAY JUSTO S. M. DE ORO ,2529,Palermo,Comuna 14,1425,C1425FOK
-58.433509,-34.587282,16 A/09,2019,APART 2*,THE GLU HOTEL,(54 11) 4831 4646,info@thegluhotel.com,GODOY CRUZ ,1733,Palermo,Comuna 14,1414,C1414CYK
-58.434268,-34.587755,22 A/10,2019,APART 2*,TORRECILLAS SOHO,(54 11) 4833 4303,,GODOY CRUZ ,1655,Palermo,Comuna 14,1414,C1414CYI
-58.388996,-34.587378,5012,2019,APART 2*,ULISES RECOLETA,(54 11) 4804 4571 / 4572,info@ulisesrecoleta.com.ar,AYACUCHO ,2016,Recoleta,Comuna 2,1112,C1112AAL
-58.392713,-34.588977,5041,2019,APART 2*,URBAN SUITES RECOLETA,(54 11) 4803 2300 / 2700,reservas@urbanrecoleta.com,JUNIN ,1727,Recoleta,Comuna 2,1113,C1113AAS
-58.452643,-34.552995,12 A/09,2019,APART 2*,URBANICA SUITES,(54 11) 4787 3003,reservas@urbanicathehotels.com,MONTAÑESES ,2585,Belgrano,Comuna 13,1428,C1428AQO
-58.437568,-34.584573,17 A/09,2019,APART 2*,VITRUM HOTEL,(54 11) 4776 5030,info@vitrumhotel.com,GORRITI ,5641,Palermo,Comuna 14,1414,C1414BKE
-58.391570,-34.597173,5032,2019,APART 3*,DESING CE,(54 11) 5237 3100,info@designce.com,MARCELO T. DE ALVEAR ,1695,Recoleta,Comuna 2,1060,C1060AAE
-58.436984,-34.554556,5035,2019,APART 3*,HOTEL PAMPA,(54 11) 4789 9561 / 4788 3984/3084,info@pampaplaza.com,LA PAMPA ,751,Belgrano,Comuna 13,1428,C1428DYO
-58.391310,-34.588238,5002,2019,APART 3*,L'ETOILE,(54 11) 4805 2626,reservas@etoile.com.ar,PTE. ROBERTO ORTIZ ,1835,Recoleta,Comuna 2,1113,C1113ABA
-58.384505,-34.607470,5038,2019,APART 3*,TRIBECA BUENOS AIRES APART,(54 11) 4370 9900 / 4372 5444,info@hoteltribeca.com.ar,B. MITRE ,1265,San Nicolas,Comuna 1,1036,C1036AAW
-58.384306,-34.627440,803,2019,Hosp. A,ABC,(54 11) 4304-2706,,SANTIAGO DEL ESTERO ,1640,Constitucion,Comuna 1,1136,C1136ABJ
-58.424412,-34.605287,295,2019,Hosp. A,ACUARIO,(54 11) 4861-0213,,GASCON ,553,Almagro,Comuna 5,1181,C1181ACI
-58.440001,-34.592938,280,2019,Hosp. A,AGUIRRE,(54 11) 4772 7464,,AGUIRRE ,1041,Villa Crespo,Comuna 15,1414,C1414ASU
-58.385471,-34.627051,221,2019,Hosp. A,ALBA,(54 11) 4304-2935 - 4306-4304,albahoteleria@yahoo.com.ar,JUAN DE GARAY ,1381,Constitucion,Comuna 1,1153,C1153ABL
-58.408692,-34.613602,815,2019,Hosp. A,ALDEANO I,(54 11) 4931 2980,aldeano1@hotelaldeano.com.ar,LA RIOJA ,277,Balvanera,Comuna 3,1214,C1214ADE
-58.411678,-34.610956,240,2019,Hosp. A,ALSINA,(54 11) 4931 9393,,24 DE NOVIEMBRE ,24,Balvanera,Comuna 3,1170,C1170AAB
-58.378305,-34.627677,275,2019,Hosp. A,AMERICA,(54 11) 4307-8785/9671,info@granhotelamerica.com.ar,B. DE IRIGOYEN ,1608,Constitucion,Comuna 1,1138,C1138ABJ
-58.438534,-34.575428,270,2019,Hosp. A,ARENAL,4771-7082,,CONCEPCION ARENAL ,2507,Palermo,Comuna 14,1426,C1426DFE
-58.423232,-34.597154,284,2019,Hosp. A,ARIES,(54 11) 4883 1232,info@arieshotel.com.ar,GASCON ,1147,Palermo,Comuna 14,1181,C1181ACU
-58.396959,-34.589997,818,2019,Hosp. A,ARISTON,4805-7544,,AZCUENAGA ,1657,Recoleta,Comuna 2,1128,C1128AAA
-58.399325,-34.593608,232,2019,Hosp. A,ART HOTEL (ex CARLOS V),(54 11) 4821 4744 / 6248,info@ahotel.com.ar,AZCUENAGA ,1268,Recoleta,Comuna 2,1115,C1115AAJ
-58.376380,-34.627880,278,2019,Hosp. A,ASTOR,(54 11) 4307 7117,info@astorhoteles.com.ar,CASEROS ,896,Barracas,Comuna 4,1152,C1152AAR
-58.455781,-34.564870,257,2019,Hosp. A,ARGENTA SUITES BELGRANO (ex ATLAS),(54 11) 4706 1881,info@argenta-suites.com.ar,CIUDAD DE LA PAZ ,1868,Belgrano,Comuna 13,1428,C1428CPD
-58.382854,-34.625226,258,2019,Hosp. A,AUTOPISTA,(54 11) 4305-1634,,SALTA ,1446,Constitucion,Comuna 1,1137,C1137ACF
-58.374497,-34.616187,228,2019,Hosp. A,AYRES PORTEÑOS,(54 11) 4300-7314,info@ayresportenos.com.ar,PERU ,708,San Telmo,Comuna 1,1068,C1068AAF
-58.408075,-34.611458,219,2019,Hosp. A,AZUL,(54 11) 4931 1153,hazul.bsas@gmail.com,H. YRIGOYEN ,2952,Balvanera,Comuna 3,1207,C1207ABO
-58.384392,-34.628005,812,2019,Hosp. A,BAHIA,(54 11) 4304 5310,,SANTIAGO DEL ESTERO ,1691,Constitucion,Comuna 1,1136,C1136ABI
-58.409688,-34.611529,211,2019,Hosp. A,BAHIA,(54 11) 4931 7198,info@elhotelbahia.com.ar,H. YRIGOYEN ,3062,Balvanera,Comuna 3,1207,C1207ABP
-58.424117,-34.577505,289,2019,Hosp. A,BELLOTA (ex SAA),4773-3088,,GODOY CRUZ ,2821,Palermo,Comuna 14,1425,C1425FQM
-58.407278,-34.619522,283,2019,Hosp. A,BOULEVARD,4931-9929,,INDEPENDENCIA ,2963,Balvanera,Comuna 3,1225,C1225AAL
-58.426403,-34.597223,33 A/10,2019,Hosp. A,CAHUEL BS AS HOTEL,4865-4314,info@hotelcahuel.com.ar,PRINGLES ,1264,Villa Crespo,Comuna 15,1183,C1183AEX
-58.392289,-34.625234,290,2019,Hosp. A,CAPRI,4304-0305,,CONSTITUCION ,1881,San Cristobal,Comuna 3,1254,C1254AAA
-58.386771,-34.619881,239,2019,Hosp. A,CARLOS I,4305-3700,cristianlanni@hotmail.com,C. CALVO ,1463,Constitucion,Comuna 1,1102,C1102ABC
-58.431604,-34.573024,36 A/10,2019,Hosp. A,CASA LAS CAÑITAS,47713878,info@casalascanitas.com,HUERGO ,283,Palermo,Comuna 14,1426,C1426BQC
-58.384393,-34.627961,822,2019,Hosp. A,CASABLANCA,4305-4048,cristinanovas@ciudad.com.ar hotelcasablanca@ciudad.com.ar,SANTIAGO DEL ESTERO ,1685,Constitucion,Comuna 1,1136,C1136ABI
-58.441969,-34.574155,19 A/10,2019,Hosp. A,CASERON PORTEÑO,4554-6336,info@caseronporteno.com / dviau@caseronporteno.com,CIUDAD DE LA PAZ ,344,Palermo,Comuna 14,1426,C1426AGF
-58.384776,-34.628218,293,2019,Hosp. A,CENTRAL,4304-3783,,BRASIL ,1327,Constitucion,Comuna 1,1154,C1154AAW
-58.376313,-34.592340,223,2019,Hosp. A,CENTRAL ARGENTINO,(54 11) 4312 6742,hotelcentralargentino@yahoo.com.ar,AV. DEL LIBERTADOR ,174,Retiro,Comuna 1,1001,C1001ABO
-58.388889,-34.612035,247,2019,Hosp. A,CIBELES,4373-1444,hotelcibeles@hotmail.com.ar,VIRREY CEVALLOS ,264,Monserrat,Comuna 1,1077,C1077AAF
-58.411678,-34.610956,823,2019,Hosp. A,COLONIAL,(54 11) 4931 8800/3104,info@hotelcolonialbaires.com.ar,24 DE NOVIEMBRE ,24,Balvanera,Comuna 3,1170,C1170AAB
-58.473749,-34.634911,214,2019,Hosp. A,COSTA AZUL,4612-1803,donixs@yahoo.com,ALBERDI ,3327,Floresta,Comuna 10,1407,C1407GZA
-58.386252,-34.613527,298,2019,Hosp. A,DARIMAR,4381-8826,,BELGRANO ,1408,Monserrat,Comuna 1,1093,C1093AAP
-58.385538,-34.628359,251,2019,Hosp. A,ESQUEL,4505-6362,,BRASIL ,1391,Constitucion,Comuna 1,1154,C1154AAW
-58.384782,-34.607549,208,2019,Hosp. A,EUROPA,(54 11 4384 8360,info@eurohotel.com.ar,B. MITRE ,1294,San Nicolas,Comuna 1,1036,C1036AAX
-58.409833,-34.611539,809,2019,Hosp. A,GALICIA,4931-7270,,H. YRIGOYEN ,3072,Balvanera,Comuna 3,1207,C1207ABP
-58.379145,-34.609220,227,2019,Hosp. A,GRAN HOTEL ESPAÑA,4343-5541,,TACUARI ,80,Monserrat,Comuna 1,1071,C1071AAB
-58.408188,-34.594816,241,2019,Hosp. A,GRAN NORTE,4821-1962,,MANSILLA ,2915,Recoleta,Comuna 2,1425,C1425BPI
-58.393568,-34.606540,206,2019,Hosp. A,GRAN REAL,4374-3526/ 4372-9500,reservas@real-hotel.com.ar,RIOBAMBA ,231,Balvanera,Comuna 3,1025,C1025ABE
-58.387137,-34.605353,203,2019,Hosp. A,GRAN VIA HOTEL,(54 11) 4371 5763,info@hotelgranvia.com.ar,SARMIENTO ,1450,San Nicolas,Comuna 1,1042,C1042ABB
-58.404491,-34.613439,228/82,2019,Hosp. A,GUAYAQUIL,(54 11) 4957 5097,info@hotelguayaquil.com.ar,MORENO ,2718,Balvanera,Comuna 3,1094,C1094ABT
-58.414349,-34.607295,805,2019,Hosp. A,HAITI,4861-6172,,JUAN D. PERON ,3384,Almagro,Comuna 5,1198,C1198AAL
-58.469184,-34.624917,245,2019,Hosp. A,HELEN,(5 11) 4611 2862,,CONDARCO ,552,Flores,Comuna 7,1406,C1406AFJ
-58.383909,-34.624008,265,2019,Hosp. A,HERCULES,4304-8306,,COCHABAMBA ,1260,Constitucion,Comuna 1,1150,C1150AAV
-58.383486,-34.623981,264,2019,Hosp. A,HERCULES 78,4304-6490/6306,,COCHABAMBA ,1236,Constitucion,Comuna 1,1150,C1150AAV
-58.399665,-34.592166,263,2019,Hosp. A,HISPANO,4821-0437,info@juncalpalacehotel.com.ar,JUNCAL ,2282,Recoleta,Comuna 2,1125,C1125ABD
-58.382362,-34.625665,254,2019,Hosp. A,HISPANO ARGENTINO,4304-5855,,LIMA ,1483,Constitucion,Comuna 1,1138,C1138ACE
-58.383927,-34.627541,225,2019,Hosp. A,IBERIA,4305-7061,raquelgarciablanco@hotmail.com,CIUDADELA ,1272,Constitucion,Comuna 1,1137,C1137AAD
-58.413835,-34.600662,802,2019,Hosp. A,JADE,4863-8711,,SANCHEZ DE BUSTAMANTE ,0839,Almagro,Comuna 5,1173,C1173ABO
-58.404872,-34.620093,005 A,2019,Hosp. A,JARDIN,49317530,,CATAMARCA ,895,San Cristobal,Comuna 3,1231,C1231AAG
-58.437640,-34.583675,08 A/09,2019,Hosp. A,KRISTA,4771-4697,info@kristahotel.com.ar,BONPLAND ,1665,Palermo,Comuna 14,1414,C1414CMS
-58.378573,-34.608932,218,2019,Hosp. A,LA ARGENTINA,(54 11) 4342 0078,,AV. DE MAYO ,860,Monserrat,Comuna 1,1084,C1084AAQ
-58.382692,-34.629169,235,2019,Hosp. A,LA VASCONIA,4304-3031,silvadaut@hotmail.com,SALTA ,1806,Constitucion,Comuna 1,1137,C1137ACN
-58.449613,-34.578500,285,2019,Hosp. A,LACROZE,4552-4445,,FEDERICO LACROZE ,3236,Colegiales,Comuna 13,1426,C1426CQS
-58.463580,-34.551451,209,2019,Hosp. A,LAS FAMILIAS,4702-5687,hotellasfamilias@ciudad.com.ar hotellasfamilias@ciudad.com.ar,CUBA ,3146,Nu\u00f1ez,Comuna 13,1429,C1429AXH
-58.392962,-34.600185,817,2019,Hosp. A,LEON,4811-5054,hotel-leon@hotmail.com,CALLAO ,758,Balvanera,Comuna 3,1023,C1023AAN
-58.454775,-34.587042,249,2019,Hosp. A,LITORAL,4554-5493,NO TIENE,CORRIENTES ,6891,Chacarita,Comuna 15,1427,C1427BPG
-58.419006,-34.625331,71-A/12,2019,Hosp. A,LOLA HOUSE,49322139,info@lolahouse.com.ar,CASTRO BARROS ,1073,Boedo,Comuna 5,1217,C1217ABK
-58.377753,-34.618508,286,2019,Hosp. A,LOS ROBLES (ex NIVI),4300-2096,daquilaus@hotmail.com,ESTADOS UNIDOS ,0827,Constitucion,Comuna 1,1101,C1101AAQ
-58.392097,-34.608662,231,2019,Hosp. A,LOURDES,4952-3087/3720,lourdeshotel@yahoo.com.ar,CALLAO ,44,Balvanera,Comuna 3,1022,C1022AAN
-58.468532,-34.546920,816,2019,Hosp. A,MANZANARES,4702-6839,hotelmanzanares@gmail.com,MANZANARES ,2331,Nu\u00f1ez,Comuna 13,1429,C1429CUI
-58.410136,-34.603950,262,2019,Hosp. A,EGIPTO (ex MARBELLA),4863-0808,info@hotelegipto.com.ar,CORRIENTES ,3193,Balvanera,Comuna 3,1193,C1193AAD
-58.408954,-34.607066,238,2019,Hosp. A,MARFIL,4861-1570,,ECUADOR ,0282,Balvanera,Comuna 3,1214,C1214ACB
-58.420562,-34.599804,73-A/12,2019,Hosp. A,MEDRANO PLAZA HOTEL,4864-1631,info@medranoplazahotel.com.ar,MEDRANO ,874,Almagro,Comuna 5,1179,C1179AAP
-58.433835,-34.571612,810,2019,Hosp. A,MI CASITA,4771-3126,No pertenece,ORTEGA Y GASSET ,1975,Palermo,Comuna 14,1426,C1426DHI
-58.408700,-34.613497,222,2019,Hosp. A,MIKI,4957-1614,,LA RIOJA ,271,Balvanera,Comuna 3,1214,C1214ADE
-58.411391,-34.595718,826,2019,Hosp. A,MIÑO,4962-3673,rodovalho@ciudad.com.ar,GALLO ,1258,Recoleta,Comuna 2,1425,C1425EFB
-58.383017,-34.621845,814,2019,Hosp. A,MONTMARTRE,4304-6725,,SALTA ,1173,Constitucion,Comuna 1,1074,C1074AAW
-58.383746,-34.620983,279,2019,Hosp. A,ODEON,4303-3347/9775,info@hotelodeon.com.ar hotelodeon@hotmail.com,HUMBERTO ,1257,Constitucion,Comuna 1,1103,C1103ACY
-58.404568,-34.613366,821,2019,Hosp. A,ONCE PLAZA,4932-5400,info@onceplazahteldos.com.ar,MORENO ,2717,Balvanera,Comuna 3,1094,C1094ABS
-58.385670,-34.607600,202,2019,Hosp. A,ORENSE,4372-3173,informes@hotelorense.com.ar,B. MITRE ,1350,San Nicolas,Comuna 1,1036,C1036AAZ
-58.392686,-34.608054,296,2019,Hosp. A,GRAN HOTEL ORIENTAL (ex ORIENTAL),4952-3371 / 4951-6427,ghoriental@hotmail.com,B. MITRE ,1840,Balvanera,Comuna 3,1039,C1039AAB
-58.392833,-34.601083,271,2019,Hosp. A,ORLEANS,4812-9342,consultas@orleanshotel.com.ar,CALLAO ,680,Balvanera,Comuna 3,1022,C1022AAT
-58.390438,-34.632562,230,2019,Hosp. A,PALACE HOTEL RONDEAU *,4306-5388,palacerondeau2000@fullcero.com.ar,ENTRE RIOS ,2100,Constitucion,Comuna 1,1133,C1133AAV
-58.465176,-34.602379,261,2019,Hosp. A,PARIS,4581-0400,,DONATO ALVAREZ ,2141,Paternal,Comuna 15,1416,C1416BTK
-58.387392,-34.606454,287,2019,Hosp. A,PIRAMIDES,4371-4849,,JUAN D. PERON ,1473,San Nicolas,Comuna 1,1037,C1037ACA
-58.377794,-34.622164,288,2019,Hosp. A,PROVINCIAL,4300-3642,,SAN JUAN ,844,Constitucion,Comuna 1,1147,C1147AAT
-58.383821,-34.615440,252,2019,Hosp. A,REX,4383-4226 / 4911-1953,,MEXICO ,1250,Monserrat,Comuna 1,1097,C1097AAZ
-58.382316,-34.609190,205,2019,Hosp. A,REYNA,4381-2496,info@hotelreyna.com.ar,AV. DE MAYO ,1120,Monserrat,Comuna 1,1085,C1085ABO
-58.397022,-34.598644,809,2019,Hosp. A,RICH,4864-8444,,PARAGUAY ,2088,Recoleta,Comuna 2,1121,C1121ABF
-58.417070,-34.597223,820,2019,Hosp. A,RICH,4963-4963,,BULNES ,1247,Palermo,Comuna 14,1176,C1176ABW
-58.386488,-34.609320,273,2019,Hosp. A,ROMA,4383-1273,,AV. DE MAYO ,1413,Monserrat,Comuna 1,1085,C1085ABE
-58.422858,-34.605632,297,2019,Hosp. A,ROMA,4862-5993,,ACUÑA DE FIGUEROA ,422,Almagro,Comuna 5,1180,C1180AAH
-58.384395,-34.627821,260,2019,Hosp. A,ROSEDAL,4304-4800,,SANTIAGO DEL ESTERO ,1677,Constitucion,Comuna 1,1136,C1136ABI
-58.433170,-34.572641,269,2019,Hosp. A,ROVARO,4771-8103,,CHENAUT ,1980,Palermo,Comuna 14,1426,C1426DIP
-58.405959,-34.608499,266,2019,Hosp. A,SAN AGUSTIN,4863-2131,hotelsanagustin@ciudad.com.ar,PUEYRREDON ,0121,Balvanera,Comuna 3,1032,C1032ABB
-58.409342,-34.614016,811,2019,Hosp. A,SAN CARLOS,4931-7823,,MORENO ,3054,Balvanera,Comuna 3,1209,C1209ABF
-58.396303,-34.621815,255,2019,Hosp. A,SAN CRISTOBAL,4941-7768,carlosemiliomendez@hotmail.com,HUMBERTO ,2172,San Cristobal,Comuna 3,1229,C1229AAH
-58.406716,-34.620612,827,2019,Hosp. A,SAN CRISTOBAL INN,4957-5334,info@hotelsancristobal.com.ar,ESTADOS UNIDOS ,2937,San Cristobal,Comuna 3,1227,C1227ABW
-58.467052,-34.623639,806,2019,Hosp. A,SAN JULIAN,4611-8607,,ARANGUREN ,2528,Flores,Comuna 7,1406,C1406FWV
-58.392120,-34.605393,274,2019,Hosp. A,SAN MARTIN,4371-6450,hotelsanmartin1@yahoo.com.ar,CALLAO ,327,San Nicolas,Comuna 1,1022,C1022AAD
-58.382320,-34.611923,243,2019,Hosp. A,SAN ROMAN,4383-2318,hotelsanroman@yahoo.com.ar,MORENO ,1133,Monserrat,Comuna 1,1091,C1091AAW
-58.386794,-34.626113,825,2019,Hosp. A,SEU LAR,4306-0109,marisalalin@yahoo.com,PAVON ,1479,Constitucion,Comuna 1,1151,C1151ABG
-58.404496,-34.611591,824,2019,Hosp. A,SILGUEIRO,4932-6827,,MISIONES ,139,Balvanera,Comuna 3,1083,C1083ABC
-58.465966,-34.625757,210,2019,Hosp. A,SOUTULLO,4612-9406,,BOGOTA ,2519,Flores,Comuna 7,1406,C1406GBU
-58.426967,-34.605897,819,2019,Hosp. A,TEMUCO,4862-3053,,JUAN D. PERON ,4261,Almagro,Comuna 5,1199,C1199ABC
-58.379213,-34.609266,233,2019,Hosp. A,URUGUAY,4334-3456,,TACUARI ,83,Monserrat,Comuna 1,1071,C1071AAA
-58.396753,-34.615250,268,2019,Hosp. A,VENEZUELA,4942-8734,,VENEZUELA ,2135,Balvanera,Comuna 3,1096,C1096ABK
-58.402508,-34.610005,229,2019,Hosp. A,VESUVIO,4951-4715,,RIVADAVIA ,2548,Balvanera,Comuna 3,1034,C1034ACR
-58.403661,-34.612346,248,2019,Hosp. A,YORK,4951-8957,,ALSINA ,2632,Balvanera,Comuna 3,1090,C1090AAR
-58.411678,-34.610956,336,2019,Hosp. B,2018-11-24 00:00:00,4931-4661,,24 DE NOVIEMBRE ,24,Balvanera,Comuna 3,1170,C1170AAB
-58.382543,-34.624999,407,2019,Hosp. B,2018-07-09 00:00:00,4305-3967,josemarceloteo@yahoo.com,LIMA ,1417,Constitucion,Comuna 1,1138,C1138ACE
-58.379634,-34.608848,331,2019,Hosp. B,ALCAZAR,(54 11) 4345 4308,info@hotelalcazar.com.ar,AV. DE MAYO ,935,Monserrat,Comuna 1,1084,C1084AAE
-58.397411,-34.611117,310,2019,Hosp. B,ALDEANO II,4951-4102,aldeano2@hotelaldeano.com.ar,PASCO ,136,Balvanera,Comuna 3,1081,C1081AAD
-58.399221,-34.596943,316,2019,Hosp. B,ANCON,4824-0338,hotelancon@hotelancon.com.ar,MARCELO T. DE ALVEAR ,2223,Recoleta,Comuna 2,1122,C1122AAI
-58.435641,-34.613110,354,2019,Hosp. B,ASTUR,4982-9515,,AVELLANEDA ,371,Caballito,Comuna 6,1405,C1405CND
-58.373668,-34.627872,361,2019,Hosp. B,ATLAS,4306-9587,,PERU ,1681,Barracas,Comuna 4,1141,C1141ACI
-58.382934,-34.619190,358,2019,Hosp. B,BACCARA,4308-8173,,SALTA ,0952,Constitucion,Comuna 1,1074,C1074AAT
-58.383854,-34.603917,346,2019,Hosp. B,BAHIA 1,4382-1780,anelluz@hotmail.com arhotelbahia@gmail.com,CORRIENTES ,1212,San Nicolas,Comuna 1,1043,C1043AAZ
-58.383854,-34.603917,347,2019,Hosp. B,BAHIA 2,(54 11) 4382 1780,,CORRIENTES ,1212,San Nicolas,Comuna 1,1043,C1043AAZ
-58.392515,-34.613962,332,2019,Hosp. B,BELGRANO,4864-9175,,BELGRANO ,1850,Balvanera,Comuna 3,1094,C1094AAN
-58.422545,-34.584188,352,2019,Hosp. B,BELLA UNION,4831-8870,,CHARCAS ,4250,Palermo,Comuna 14,1425,C1425BNJ
-58.424608,-34.582644,337,2019,Hosp. B,BRISAS,4774-0485,hotelbrisasbaires@gmail.com,CHARCAS ,4470,Palermo,Comuna 14,1425,C1425BNN
-58.377640,-34.620915,345,2019,Hosp. B,BRISAS DEL MAR,4306-6040,info@hotelbrisasdelmar.com.ar,HUMBERTO ,826,Constitucion,Comuna 1,1103,C1103ACR
-58.424923,-34.605909,406,2019,Hosp. B,CANGALLO,4373-8785,,JUAN D. PERON ,4129,Almagro,Comuna 5,1199,C1199ABA
-58.372311,-34.620729,321,2019,Hosp. B,CARLY,(54 11) 4361 7710,,HUMBERTO ,464,San Telmo,Comuna 1,1103,C1103ACJ
-58.388520,-34.607793,403,2019,Hosp. B,CASTILLA,4338-4586,,B. MITRE ,1548,San Nicolas,Comuna 1,1037,C1037ABD
-58.390178,-34.611342,305,2019,Hosp. B,CENTRAL,4304-3783,,ALSINA ,1693,Monserrat,Comuna 1,1088,C1088AAO
-58.447009,-34.575622,364,2019,Hosp. B,COMPOSTELA,4551-4802,,OLLEROS ,2931,Colegiales,Comuna 13,1426,C1426CSE
-58.449801,-34.580289,379,2019,Hosp. B,CONCORD,4553-9043,,DELGADO ,510,Colegiales,Comuna 13,1426,C1426BDF
-58.396164,-34.609409,390,2019,Hosp. B,CONFORT,4953-4367,,RIVADAVIA ,2093,,,,
-58.464088,-34.636486,395,2019,Hosp. B,CULPINA,4611-0573,,CULPINA ,553,Flores,Comuna 7,1406,C1406ENK
-58.465473,-34.633099,376,2019,Hosp. B,DOMARI,4611-6726,,CULPINA ,262,Flores,Comuna 7,1406,C1406ENF
-58.395352,-34.605834,311,2019,Hosp. B,DOS MUNDOS,4953-2171,,SARMIENTO ,2009,Balvanera,Comuna 3,1044,C1044AAE
-58.478061,-34.634832,372,2019,Hosp. B,ENSENADA,4672-2547,,ENSENADA ,134,Floresta,Comuna 10,1407,C1407KED
-58.395286,-34.605901,371,2019,Hosp. B,EUROPEO,4953-6384,,SARMIENTO ,2010,Balvanera,Comuna 3,1044,C1044AAF
-58.379741,-34.599654,325,2019,Hosp. B,GOYA,4322-9311,info@goyahotel.com.ar,SUIPACHA ,0748,San Nicolas,Comuna 1,1008,C1008AAP
-58.387115,-34.626827,24 A/10,2019,Hosp. B,HOTEL PLAZA GARAY,43053661,,LUIS SAENZ PEÑA ,1572,Constitucion,Comuna 1,1135,C1135ABH
-58.409021,-34.611484,38 A/10,2019,Hosp. B,HOTEL ROSEL,49316203,,H. YRIGOYEN ,3016,Balvanera,Comuna 3,1207,C1207ABP
-58.397523,-34.593111,318,2019,Hosp. B,IMPERIAL,4824-1251,,URIBURU ,1287,Recoleta,Comuna 2,1114,C1114AAI
-58.382930,-34.607428,344,2019,Hosp. B,LA PIEDAD,4381-6810,,B. MITRE ,1156,San Nicolas,Comuna 1,1036,C1036AAV
-58.447388,-34.572438,312,2019,Hosp. B,LA PINTA,4553-5116,,MOLDES ,693,Colegiales,Comuna 13,1426,C1426ALA
-58.377385,-34.612919,236,2019,Hosp. B,LA POSTA DE DORREGO,4331-9071,,BELGRANO ,778,Monserrat,Comuna 1,1092,C1092AAU
-58.446329,-34.573968,313,2019,Hosp. B,LA SANTA MARIA,4551-4166,,CRAMER ,618,Colegiales,Comuna 13,1426,C1426ANN
-58.456994,-34.628384,357,2019,Hosp. B,LAUTARO,4633-5232,,RAMON L. FALCON ,1999,Flores,Comuna 7,1406,C1406GNM
-58.395141,-34.590696,306,2019,Hosp. B,LION D'OR,(54 11) 4803 8992,hotel_liondor@yahoo.com.ar,PACHECO DE MELO ,2019,Recoleta,Comuna 2,1126,C1126AAE
-58.409846,-34.611501,370,2019,Hosp. B,LOS ANGELES,4864-2692,,H. YRIGOYEN ,3073,Balvanera,Comuna 3,1207,C1207ABC
-58.419611,-34.589750,402,2019,Hosp. B,LUNEL,4862-7527,,JULIAN ALVAREZ ,1959,Palermo,Comuna 14,1425,C1425DHA
-58.426638,-34.586474,314,2019,Hosp. B,MAGISTRAL,4831-4006,,BORGES ,1937,Palermo,Comuna 14,1414,C1414DGG
-58.378141,-34.602770,352,2019,Hosp. B,MAIPO,4328-4907/4393-2982,hotelmaipo@hotmail.com,ESMERALDA ,474,San Nicolas,Comuna 1,1007,C1007ABB
-58.376786,-34.599586,388,2019,Hosp. B,MAIPU,4322-5142,administracion@nuevohotelmaipu.com.ar,MAIPU ,0735,San Nicolas,Comuna 1,1006,C1006ACI
-58.470793,-34.617914,380,2019,Hosp. B,MARY SIL,4581-9005,,BOLIVIA ,1151,Villa Gral. Mitre,Comuna 11,1416,C1416ANA
-58.396855,-34.611864,335,2019,Hosp. B,MAYO,4952-7356,,ALSINA ,2164,Balvanera,Comuna 3,1090,C1090AAH
-58.390666,-34.607346,341,2019,Hosp. B,MEDITERRANEO,4372-2852,,RODRIGUEZ PEÑA ,149,San Nicolas,Comuna 1,1020,C1020ADC
-58.400846,-34.616478,327,2019,Hosp. B,MEXICO,4942-1713,,MEXICO ,2475,Balvanera,Comuna 3,1222,C1222ABM
-58.407334,-34.618096,382,2019,Hosp. B,MEXICO,4931-3087,,MEXICO ,2944,Balvanera,Comuna 3,1223,C1223ABJ
-58.385132,-34.604494,308,2019,Hosp. B,MIKY,4371-2376,,TALCAHUANO ,0362,San Nicolas,Comuna 1,1013,C1013AAH
-58.382977,-34.625102,362,2019,Hosp. B,MIRAMAR,4306-6038,,SALTA ,1429,Constitucion,Comuna 1,1137,C1137ACE
-58.404906,-34.608738,387,2019,Hosp. B,MITRE,4866-4089,,B. MITRE ,2717,Balvanera,Comuna 3,1039,C1039AAS
-58.494017,-34.601914,381,2019,Hosp. B,NAZARRE,4501-2019,,NAZARRE ,3150,Villa Del Parque,Comuna 11,1417,C1417DXB
-58.438373,-34.608715,323,2019,Hosp. B,NOEMI,4982-8201,,DIAZ VELEZ ,5075,Caballito,Comuna 6,1405,C1405DCF
-58.377167,-34.602326,303,2019,Hosp. B,O REI,4393-7186,info@hotelorei.com.ar,LAVALLE ,0733,San Nicolas,Comuna 1,1047,C1047AAO
-58.378093,-34.603980,394,2019,Hosp. B,ODEON,4326-0128,hotelodeon@hotmail.com,ESMERALDA ,0368,San Nicolas,Comuna 1,1035,C1035ABH
-58.403112,-34.612239,404,2019,Hosp. B,OLIDEN,4951-8729,,ALSINA ,2597,Balvanera,Comuna 3,1090,C1090AAO
-58.448376,-34.577979,329,2019,Hosp. B,OLLEROS,4552-5912,,OLLEROS ,3163,Colegiales,Comuna 13,1426,C1426CSI
-58.448219,-34.577932,398,2019,Hosp. B,OLLEROS,4552-9975,,OLLEROS ,3146,Colegiales,Comuna 13,1426,C1426CSJ
-58.408351,-34.610372,320,2019,Hosp. B,ONCE,4861-1666,,RIVADAVIA ,2962,Balvanera,Comuna 3,1203,C1203AAO
-58.404765,-34.613447,334,2019,Hosp. B,PANAMERICAN,4942-8807,,MORENO ,2754,Balvanera,Comuna 3,1094,C1094ABT
-58.470638,-34.625992,399,2019,Hosp. B,PAPI,(54 11) 4611 8177,contacto@hotelpapi.com.ar,AVELLANEDA ,2821,Flores,Comuna 7,1406,C1406FZA
-58.397793,-34.615118,348,2019,Hosp. B,PASCO HOTEL,4943-4209/4383-3405,,PASCO ,492,Balvanera,Comuna 3,1081,C1081AAJ
-58.403417,-34.609266,359,2019,Hosp. B,PASO,4952-5736,,PASO ,0050,Balvanera,Comuna 3,1031,C1031ABB
-58.419755,-34.588709,393,2019,Hosp. B,PETIT HOTEL,4824-1902,,ARAOZ ,2055,Palermo,Comuna 14,1425,C1425DGC
-58.438277,-34.608714,374,2019,Hosp. B,PINOT,4962-2747,,DIAZ VELEZ ,5069,Caballito,Comuna 6,1405,C1405DCF
-58.405886,-34.609365,330,2019,Hosp. B,PUEYRREDON,4862-4377,,PUEYRREDON ,47,Balvanera,Comuna 3,1032,C1032ABA
-58.393266,-34.614717,383,2019,Hosp. B,REY,(54 11) 4942 8412,info@hotel-rey.com.ar,COMBATE DE LOS POZOS ,471,Balvanera,Comuna 3,1080,C1080AAE
-58.406595,-34.599594,326,2019,Hosp. B,SAN ANDRES,4961-5346,,SAN LUIS ,2921,Balvanera,Comuna 3,1186,C1186ACE
-58.424766,-34.582525,384,2019,Hosp. B,SAN JORGE,774-2639,,CHARCAS ,4500,Palermo,Comuna 14,1425,C1425BNN
-58.461522,-34.633645,367,2019,Hosp. B,SAN REMO,4612-9751,info@sanremoflores.com,DIRECTORIO ,2449,Flores,Comuna 7,1406,C1406HAA
-58.441088,-34.574080,360,2019,Hosp. B,SAN SEBASTIAN,4553-1163,,B. MATIENZO ,2565,Palermo,Comuna 14,1426,C1426DAU
-58.470373,-34.627234,365,2019,Hosp. B,SANTA CRUZ,4611-2133,,BOGOTA ,2858,Flores,Comuna 7,1406,C1406GCB
-58.463759,-34.566176,339,2019,Hosp. B,SANTA ROSA,4542-1614,,JURAMENTO ,3127,Belgrano,Comuna 13,1428,C1428DOC
-58.383124,-34.605100,400,2019,Hosp. B,SARMIENTO,4382-4148,,SARMIENTO ,1162,San Nicolas,Comuna 1,1041,C1041AAX
-58.390339,-34.610676,392,2019,Hosp. B,SEVILLA,4372-8447 - cel 15-50261860,,SOLIS ,138,Monserrat,Comuna 1,1078,C1078AAD
-58.405930,-34.598893,350,2019,Hosp. B,SOLANA,4962-7337,,ECUADOR ,0945,Balvanera,Comuna 3,1214,C1214ACO
-58.402293,-34.597694,375,2019,Hosp. B,TIRRENO,4961-0204,,PARAGUAY ,2417,Recoleta,Comuna 2,1121,C1121ABM
-58.385259,-34.623587,401,2019,Hosp. B,UNIVERSAL,4306-5718,,COCHABAMBA ,1364,Constitucion,Comuna 1,1150,C1150AAX
-58.375928,-34.616591,301,2019,Hosp. B,VICTORIA,4351-2135,,CHACABUCO ,726,San Telmo,Comuna 1,1069,C1069AAP
-58.370346,-34.624270,378,2019,Hosp. B,WASHINGTON,(54 11) 4361 4738,,JUAN DE GARAY ,340,San Telmo,Comuna 1,1153,C1153ABO
-58.387363,-34.620066,385,2019,Hosp. B,YALE,4305-8754,,LUIS SAENZ PEÑA ,1007,Constitucion,Comuna 1,1110,C1110AAU
-58.427523,-34.591153,30 A/10,2019,REG DE PREST,1555 MALABIA HOUSE HOTEL,(54 11) 4833 2410,info@malabiahouse.com.ar,MALABIA ,1555,Palermo,Comuna 14,1414,C1414DME
-58.412208,-34.577021,75-A/12,2019,REG DE PREST,AWWA SUITES & SPA,(54 11) 3966 0000,info@awwasuites.com,LAFINUR ,3370,Palermo,Comuna 14,1425,C1425FAJ
-58.426156,-34.585057,29 A/10,2019,REG DE PREST,BO BO HOTEL & RESTAURANT,(54 11) 4774 0505,contacto@bobohotel.com,GUATEMALA ,4882,Palermo,Comuna 14,1425,C1425BUP
-58.379885,-34.596262,56 A/11,2019,REG DE PREST,CASA CALMA,(54 11) 4312 5000,info@casacalmahotel.com,SUIPACHA ,1015,Retiro,Comuna 1,1008,C1008AAU
-58.403145,-34.614620,119,2019,REG DE PREST,COMPLEJO TANGO,(54 11) 4941-1119,reservas@complejotango.com.ar,BELGRANO ,2608,Balvanera,Comuna 3,1096,C1096AAQ
-58.421080,-34.588793,27 A/10,2019,REG DE PREST,DUQUE HOTEL BOUTIQUE,(54 11) 4832-0312,reservas@duquehotel.com,GUATEMALA ,4364,Palermo,Comuna 14,1425,C1425BUF
-58.435264,-34.578827,58 A/11,2019,REG DE PREST,FIERRO HOTEL BOUTIQUE,(54 11) 3220 6800,info@fierrohotel.com,SOLER ,5862,Palermo,Comuna 14,1425,C1425BYL
-58.438987,-34.582126,40 A/10,2019,REG DE PREST,HOME BUENOS AIRES,(54 11) 4778 1008,info@homebuenosaires.com,HONDURAS ,5860,Palermo,Comuna 14,1414,C1414BNJ
-58.385000,-34.615494,28 A/10,2019,REG DE PREST,IMAGINE HOTEL BOUTIQUE,(54 11) 4383 2230,reservas@imaginehotelboutique.com,MEXICO ,1330,Monserrat,Comuna 1,1097,C1097ABB
-58.436768,-34.582309,50 A/11,2019,REG DE PREST,ILUM EXPERIENCE HOME,(54 11) 4776 8667,ilum@ilumhotel.com,EL SALVADOR ,5726,Palermo,Comuna 14,1414,C1414BQH
-58.472434,-34.541185,41,2019,REG DE PREST,LA CASCADA TOWN HOUSE HOTEL,(54 11) 4703-1251,info@lacascadatownhouse.com.ar,VUELTA DE OBLIGADO ,4578,Nu\u00f1ez,Comuna 13,1429,C1429AWJ
-58.426796,-34.587702,13 A/09,2019,REG DE PREST,LEGADO MITICO,(54 11) 4833 1300,reservasbsas@legadomitico.com,GURRUCHAGA ,1848,Palermo,Comuna 14,1414,C1414DIL
-58.377265,-34.618858,105,2019,REG DE PREST,MANSION DANDI ROYAL,(54 11) 4361 3537,administracion@dandiroyal.com.ar,PIEDRAS ,922,San Telmo,Comuna 1,1070,C1070AAT
-58.371079,-34.619436,54 A/11,2019,REG DE PREST,MANSION VITRAUX,(54 11) 4300 6886,reservations@mansionvitraux.com,C. CALVO ,369,San Telmo,Comuna 1,1102,C1102AAG
-58.389562,-34.588573,57 A/11,2019,REG DE PREST,MIO BUENOS AIRES,(54 11) 5295 8500,reservas@miobuenosaires.com,QUINTANA ,465,Recoleta,Comuna 2,1129,C1129ABA
-58.421648,-34.615388,26 A/10,2019,REG DE PREST,RACO,(54 11) 3530 6075,info@racodebuenosaires.com.ar,YAPEYU ,269,Almagro,Comuna 5,1202,C1202ACE
-58.390540,-34.607872,117,2019,REG DE PREST,ST. NICHOLAS HOSTEL,(54 11) 4373 5920 / 4372 4608 / 4373 8841,info@snhostel.com,B. MITRE ,1691,San Nicolas,Comuna 1,1037,C1037ABE
-58.379768,-34.599249,34 A/10,2019,REG DE PREST,TANGUERO BOUTIQUE,(54 11) 4328-7006 / 4328-7045,info@tanguerohotel.com,SUIPACHA ,778,San Nicolas,Comuna 1,1008,C1008AAP
-58.376037,-34.615950,115,2019,REG DE PREST,TELMOTANGO,(54 11) 4361-5808,info@hostelmotango.com,CHACABUCO ,679,Monserrat,Comuna 1,1069,C1069AAM
-58.374774,-34.620747,66-A/11,2019,REG DE PREST,TIANA BUENOS AIRES,(54 11) 4362 8663 / 4300 8177,,HUMBERTO ,629,San Telmo,Comuna 1,1103,C1103ACM
-58.424938,-34.583698,41 A/10,2019,REG DE PREST,VAIN BOUTIQUE HOTEL,(54 11) 4776 8246,info@vainhotel.com,THAMES ,2226,Palermo,Comuna 14,1425,C1425FIF
-58.379771,-34.609507,77-A/14,2019,REG DE PREST,SUDAMERIKA HOSTEL & SUITES,(54 11) 4342 3053,info@sudamerikahostel.com.ar,H. YRIGOYEN ,951,Monserrat,Comuna 1,1086,C1086AAO
-58.386133,-34.615541,78-A/14,2019,REG DE PREST,SABATICO TRAVELLES HOSTEL,(54 11) 4381-1138,info@sabaticohostel.com.ar,MEXICO ,1410,Monserrat,Comuna 1,1097,C1097ABD
-58.383365,-34.608595,79-A/14,2019,REG DE PREST,B.A. STOP HOSTEL,(54 11) 6091 2156,info@bastop.com,RIVADAVIA ,1194,,,,
-58.376634,-34.604538,80-A/14,2019,REG DE PREST,O6 CENTRAL HOSTEL,(54 11) 5219 0052/53,info@06centralhostel.com,MAIPU ,306,San Nicolas,Comuna 1,1006,C1006ACB
-58.390380,-34.614362,81-A/14,2019,REG DE PREST,ESTACION BUENOS AIRES HOSTEL,(54 11) 4381 0734,info@hostelestacionbuenosaires.com,SOLIS ,458,Monserrat,Comuna 1,1078,C1078AAJ
-58.424077,-34.586701,82-A/14,2019,REG DE PREST,PLAY HOSTEL,(54 11) 4832 4257,info@playhostel.com,GUATEMALA ,4636,Palermo,Comuna 14,1425,C1425BUL
-58.388195,-34.615509,83-A/14,2019,REG DE PREST,KILCA HOSTEL & BACKPACKER,(54 11) 4381 1966,kilcahostel@hotmail.com,MEXICO ,1545,Monserrat,Comuna 1,1097,C1097ABE
-58.384476,-34.594176,84-A/14,2019,REG DE PREST,HOSTEL RECOLETA,(54 11) 4812 4419,info@hirecoleta.com.ar,LIBERTAD ,1216,Retiro,Comuna 1,1012,C1012AAZ
-58.375687,-34.616217,85-A/14,2019,REG DE PREST,OSTINATTO HOSTEL,(54 11) 4362-9639,info@ostinatto.com,CHILE ,680,San Telmo,Comuna 1,1098,C1098AAN
-58.377557,-34.614492,86-A/14,2019,REG DE PREST,ART FACTORY HOSTEL,(54 11) 4343 1463,info@artfactoryba.com.ar,PIEDRAS ,545,Monserrat,Comuna 1,1070,C1070AAK
-58.480120,-34.588667,87-A/14,2019,REG DE PREST,ALTOS DE AGRONOMIA,(54 11) 4522 4916,altosbb@hotmail.com,BARZANA ,1249,Parque Chas,Comuna 15,1427,C1427BGE
-58.423515,-34.590489,88-A/14,2019,REG DE PREST,ART FACTORY PALERMO,(54 11) 2004 4958,info@artfactorypalermo.com.ar,COSTA RICA ,4353,Palermo,Comuna 14,1414,C1414BSC
-58.426758,-34.581042,89-A/14,2019,REG DE PREST,HOSTEL SUITES PALERMO,(54 11) 4773 0806,info@hostelsuitespalermo.com,CHARCAS ,4752,Palermo,Comuna 14,1425,C1425BNT
-58.375242,-34.604196,90-A/14,2019,REG DE PREST,HOSTEL SUITES FLORIDA,(54 11) 4325 0969,florida@hostelsuites.com,FLORIDA ,328,San Nicolas,Comuna 1,1005,C1005AAH
-58.378519,-34.603602,91-A/14,2019,REG DE PREST,HOSTEL SUITES OBELISCO,(54 11) 4328 4040 / 4393 1397,info@hostelsuites.com,CORRIENTES ,830,San Nicolas,Comuna 1,1043,C1043AAV
-58.402291,-34.590819,92-A/14,2019,REG DE PREST,ANCHORENA PLAZA APART,(54 11) 4826 3545,,ANCHORENA ,1716,Recoleta,Comuna 2,1425,C1425ELN
-58.384393,-34.617304,93-A/14,2019,REG DE PREST,ALMA DEL PLATA,(54 11) 4383 0040,reservas@almadelplata.com,SANTIAGO DEL ESTERO ,727,Monserrat,Comuna 1,1075,C1075AAO
-58.402786,-34.615804,94-A/15,2019,REG DE PREST,BET HOTEL,(54 11) 4942 3399,info@bethotelbuenosaires.com.ar,SAAVEDRA ,526,Balvanera,Comuna 3,1229,C1229ACB
-58.378525,-34.609417,95-A/15,2019,REG DE PREST,PORTAL DEL SUR HOSTEL,(54 11) 4342 8788,reservas@portaldelsur.com.ar,H. YRIGOYEN ,855,Monserrat,Comuna 1,1086,C1086AAM
-58.387402,-34.591235,96-A/15,2019,REG DE PREST,ALGODON MANSION,(54 11) 3530 7777,reservations@algodonmansion.com,MONTEVIDEO ,1647,Retiro,Comuna 1,1021,C1021AAA
-58.413825,-34.585233,97-a/15,2019,REG DE PREST,INFINITO HOTEL ECO DESIGN,(54 11) 4832 1060 / 2070 2626,info@infinitohotel.com,ARENALES ,3689,Palermo,Comuna 14,1425,C1425BEW
-58.468490,-34.555766,98-A/15,2019,REG DE PREST,PAMPA HOSTEL,(54 11) 4544 2273/8838,info@pampabelgrano.com.ar,IBERA ,2858,Nu\u00f1ez,Comuna 13,1429,C1429CMR
-58.431253,-34.586560,99-A/15,2019,REG DE PREST,BACK IN BA HOSTEL,(54 11) 4774 2859,info@backinba.com,EL SALVADOR ,5115,Palermo,Comuna 14,1414,C1414BPS
-58.425202,-34.585815,101-A/15,2019,REG DE PREST,ECO PAMPA HOSTEL,(54 11) 4831 2435/8026,ecoinfo@hostelpampa.com.ar,GUATEMALA ,4778,Palermo,Comuna 14,1425,C1425BUN
-58.391884,-34.605583,102-A/15,2019,REG DE PREST,ROONEY`S BOUTIQUE,(54 11) 5252 5060,info@rooneysboutiquehotel.com,SARMIENTO ,1773,San Nicolas,Comuna 1,1042,C1042ABG
-58.379427,-34.608277,103-A/15,2019,REG DE PREST,THE LOFT,(54 11) 4331 4538,,RIVADAVIA ,921,San Nicolas,Comuna 1,1002,C1002AAH
-58.392815,-34.618127,105-A/15,2019,REG DE PREST,LUZ Y FUERZA PATAGONIA,(54 11) 4384 1102,reservas@luzyfuerzapatagoniacaba.com.ar,INDEPENDENCIA ,1877,Balvanera,Comuna 3,1225,C1225AAA
-58.379984,-34.595767,106-A/15,2019,REG DE PREST,ALVEAR ART,(54 11) 4114 3400,info@alvearart.com recepcion.aah@alvear.com.ar,SUIPACHA ,1036,Retiro,Comuna 1,1008,C1008AAV
-58.387668,-34.589643,108-A/15,2019,REG DE PREST,CLUB FRANCES,(54 11) 48110348,info@hotelclubfrances.com.ar,RODRIGUEZ PEÑA ,1832,Recoleta,Comuna 2,1021,C1021ABN
,,110-A/15,2019,REG DE PREST,MIRAVIDA SOHO,(54 11) 4774 6433,info@miravidasoho.com,DARRAGUEYRA ,2050,,,,
-58.382403,-34.615309,111-A/15,2019,REG DE PREST,SOL MONTSERRAT,(54 11) 4342 5951,,MEXICO ,1149,Monserrat,Comuna 1,1097,C1097AAW
-58.386147,-34.609455,113-A/15,2019,REG DE PREST,TANGO DE MAYO,(54 11) 3221 6500,info@tango-hotel.com.ar,AV. DE MAYO ,1396,Monserrat,Comuna 1,1085,C1085ABQ
-58.372138,-34.620255,114-A/15,2019,REG DE PREST,HOTEL ANSELMO BUENOS AIRES CURIO COLLECTION,(54 11) 4834 3200,info@anselmohotel.com,ANSELMO AIETA ,1069,San Telmo,Comuna 1,,
-58.441798,-34.582083,115-A/15,2019,REG DE PREST,ATEMPO DESIGN HOTEL,(54 11) 5297 3333,info@atempohotel.com,AREVALO ,1564,Palermo,Comuna 14,1414,C1414CQF
-58.371981,-34.612232,116-A/15,2019,REG DE PREST,KENTON PALACE,(54 11) 4331 2020,reservas1@kentonpalace.com.ar,DEFENSA ,375,Monserrat,Comuna 1,1065,C1065AAE
-58.404517,-34.611426,RL-2017-02719666- -ENTUR,2019,REG DE PREST,CACHI,(54 11) 4932 3586,cachi.hotelbue@ddim.com.ar,MISIONES ,123,Balvanera,Comuna 3,1083,C1083ABC
-58.398014,-34.570538,RL-2017-02725053- -ENTUR,2019,REG DE PREST,AEROPARQUE INN & SUITES,(54 11) 4803 6002,reservas@hotelaeroparque.com,RAFAEL OBLIGADO ,1221,Palermo,Comuna 14,1425,
-58.421162,-34.591536,RL-2017-02783009- -ENTUR,2019,REG DE PREST,COSTA RICA,(54 11) 4864 7390,info@hotelcostarica.com.ar,COSTA RICA ,4137,Palermo,Comuna 14,1176,C1176ADE
-58.375913,-34.616853,RL-2017-02788552- -ENTUR,2019,REG DE PREST,PATIOS DE SAN TELMO,(54 11) 4307 0480/0965,info@patiosdesantelmo.com.ar,CHACABUCO ,752,San Telmo,Comuna 1,1069,C1069AAP
-58.411773,-34.629514,RL-2017-02793385- -ENTUR,2019,REG DE PREST,POSADA GOTAN,(54 11) 4912 3807,posadagotan@gmail.com,SANCHEZ DE LORIA ,1618,San Cristobal,Comuna 3,1241,C1241ACH
-58.396371,-34.591429,RL-2017-02911825- -ENTUR,2019,REG DE PREST,ARC RECOLETA,(54 11) 2150 4680,reservas@archoteles.com.ar,PEÑA ,2155,Recoleta,Comuna 2,1126,C1126ABC
-58.431543,-34.588266,RL-2017-02914126- -ENTUR,2019,REG DE PREST,L´HOTEL PALERMO,(54 11) 4831 7198,info@lhotelpalermo.com,THAMES ,1564,Palermo,Comuna 14,1414,C1414DDF
-58.388661,-34.588962,RL-2017-02976845-ENTUR,2019,REG DE PREST,CASASUR ART,(54 11) 4515 0085,info@casasurhotel.com,CALLAO ,1823,Recoleta,Comuna 2,1024,C1024AAE
-58.430112,-34.585593,RL-2017-03009905- -ENTUR,2019,REG DE PREST,1828 SMART HOTEL,(54 11) 2060 9011,reservas@1828smarthotel.com,FRAY JUSTO S. M. DE ORO ,1828,Palermo,Comuna 14,1414,C1414DBD
-58.378436,-34.592969,RL-2017-7294360-DGDYCOF,2019,REG DE PREST,CARLES HOTEL,(54 11) 5196 8200,info@carleshotelbuenosaires.com,JUNCAL ,798,Retiro,Comuna 1,1062,C1062ABD
-58.406810,-34.590439,RL-2017-07975078 -DGDYCOF,2019,REG DE PREST,ARENALES HOTEL,(54 11) 4828 5000,info@hotelarenales.com.ar,ARENALES ,2984,Recoleta,Comuna 2,1425,C1425BEJ
-58.432227,-34.578957,RL-2017-09091604-DGDYCOF,2019,REG DE PREST,PALO SANTO HOTEL,(54 11) 5280 6100,info@palosantohotel.com,BONPLAND ,2275,Palermo,Comuna 14,1425,C1425FWC
-58.424148,-34.581155,RL-2017-13204797- -DGDYCOF,2019,REG DE PREST,KOTEN HOTEL PALERMO SOHO,(54 11)  4771- 3293,info@kotenhotel.com,Güemes ,4651,Palermo,Comuna 14,1425,C1425BLI
-58.377871,-34.610525,RL-2017-27241566- -ENTUR,2019,REG DE PREST,MÉRIT SAN TELMO,(54 11) 5280 9100,recepcionnmba@merithoteles.com.ar,Alsina ,801,,,,
-58.439168,-34.579221,RL-2018-09227644- -ENTUR,2019,REG DE PREST,Casasur Palermo,(54 11) 4770 9452,recepcion@casasurpalermo.com,Costa Rica ,6032,Palermo,Comuna 14,1414,C1414BTN
-58.375933,-34.616498,RL-2018-09400649- -ENTUR,2019,REG DE PREST,América del Sur Hostel,(54 11) 4300 5525,baires@americahostel.com.ar,Chacabuco ,718,San Telmo,Comuna 1,1069,C1069AAP
-58.361981,-34.610481,RL-2018-11164378-ENTUR,2019,REG DE PREST,Alvear Icon Hotel,(54 11) 4114 0900,reservationsicon@alvear.com.ar,Aimé Painé ,1110,Puerto Madero,Comuna 1,1107,C1107CFB
-58.429186,-34.587358,RL-2018-16028316-ENTUR,2019,REG DE PREST,Malevo Muraña Hostel,(54 11) 48318855,info@malevohostel.com,Russel ,5050,Palermo,Comuna 14,1414,C1414BRD
-58.381653,-34.615920,RL-2018-23628966- -ENTUR,2019,REG DE PREST,Howard Johnson Plaza Buenos Aires,(54 11) 22058900,administracion.florencia@hjplazabuenosaires.com.ar,Lima ,653,Monserrat,Comuna 1,1073,C1073AAM
-58.428370,-34.583821,RL-2018-27590231- -ENTUR,2019,REG DE PREST,Feel Apartments,(54 11) 56606117,info@feelbuenosairesapartments.com,F. J. S. M. de Oro ,2047,Palermo,Comuna 14,1425,C1425FOA
